[
    0.999,
    0.999,
    0.999,
    0.999,
    0.999,
    0.999,
    0.999,
    0.999,
    0.999,
    0.999,
    0.999,
    0.999,
    0.999,
    0.999,
    0.999,
    0.999,
    0.999,
    0.999,
    0.999,
    0.999,
    0.999,
    0.999,
    0.999,
    0.999,
    0.999,
    0.999,
    0.998,
    0.999,
    0.999,
    0.999,
    0.999,
    0.999,
    0.999,
    0.999,
    0.999,
    0.998,
    0.998,
    0.998,
    0.998,
    0.998,
    0.998,
    0.998,
    0.997,
    0.995,
    0.994,
    0.995,
    0.993,
    0.993,
    0.981,
    0.981,
    0.9931309961267256,
    0.9889999991098962,
    0.981,
    0.981,
    0.981,
    0.982,
    0.989,
    0.99,
    0.99,
    0.99,
    0.99,
    0.99,
    0.9891130650572142,
    0.9869998253009611,
    0.9939992147390498,
    0.9939992147390498,
    0.9939992147390498,
    0.994,
    0.994,
    0.995,
    0.995,
    0.996,
    0.992,
    0.9710000056526423,
    0.992,
    0.992,
    0.992,
    0.987,
    0.987,
    0.991,
    0.997,
    0.971,
    0.98,
    0.985,
    0.985,
    0.985,
    0.997,
    0.99,
    0.99,
    0.99,
    0.97,
    0.99,
    0.98,
    0.98,
    0.98,
    0.99,
    0.98,
    0.98,
    0.97,
    0.97,
    0.96,
    0.95,
    0.9599999615999939,
    0.96,
    0.96,
    0.95,
    0.95,
    0.95,
    0.9300000126000002,
    0.9499999971499999,
    0.9484136196744258,
    0.94,
    0.9399997582855463,
    0.92,
    0.93,
    0.8799999920181405,
    0.88,
    0.929999999335714,
    0.93,
    0.9,
    0.89,
    0.89,
    0.9,
    0.929999999721,
    0.9,
    0.9399999957976021,
    0.9399999661599877,
    0.9,
    0.9,
    0.9,
    0.92,
    0.9,
    0.91,
    0.91,
    0.9399999955028061,
    0.92,
    0.91,
    0.9,
    0.91,
    0.91,
    0.93,
    0.9399997743999038,
    0.9,
    0.92999999628,
    0.92,
    0.91,
    0.91,
    0.91,
    0.91,
    0.91,
    0.91,
    0.9,
    0.93,
    0.94,
    0.94,
    0.93,
    0.94,
    0.94,
    0.94,
    0.94,
    0.94,
    0.9400000027600001,
    0.95,
    0.94,
    0.93,
    0.93,
    0.9399999942591609,
    0.9412414344086719,
    0.9099999868220587,
    0.9,
    0.89,
    0.88999984424993,
    0.89,
    0.83,
    0.83,
    0.83,
    0.83,
    0.8299999920952335,
    0.829999999917,
    0.83,
    0.83,
    0.83,
    0.83,
    0.83,
    0.8,
    0.85,
    0.85,
    0.87,
    0.86,
    0.8699998694999673,
    0.87,
    0.8600001176000188,
    0.8699999998956,
    0.87,
    0.869999998259999,
    0.86,
    0.86,
    0.8599999974773334,
    0.86,
    0.8599999986239998,
    0.8599999997922454,
    0.85999999957,
    0.8599999991399997,
    0.84,
    0.85,
    0.8699999912999827,
    0.869999998259999,
    0.87,
    0.8607324922200864,
    0.8599999998570835,
    0.86,
    0.86,
    0.86,
    0.86,
    0.86,
    0.8699999678099948,
    0.8600001913333908,
    0.86,
    0.87,
    0.88,
    0.9,
    0.88,
    0.89,
    0.8914450907665714,
    0.889999985759986,
    0.889999985759986,
    0.889999999555,
    0.89,
    0.87,
    0.86,
    0.86,
    0.8956,
    0.86,
    0.86,
    0.87,
    0.889999999376576,
    0.88,
    0.87,
    0.84,
    0.8699992343991425,
    0.87,
    0.8517828499955131,
    0.849999996175,
    0.84,
    0.83,
    0.8,
    0.81,
    0.8,
    0.8,
    0.8015995964076698,
    0.7899999573399937,
    0.7600000058655806,
    0.79,
    0.79,
    0.7899995338993427,
    0.789999924159977,
    0.8,
    0.76,
    0.75,
    0.7905138339920948,
    0.7299999988806667,
    0.73,
    0.73,
    0.73,
    0.73,
    0.73,
    0.73,
    0.73,
    0.73,
    0.73,
    0.73,
    0.7399998963999731,
    0.7100002836959913,
    0.71,
    0.7799999999684849,
    0.7586501820305275,
    0.71,
    0.71,
    0.68,
    0.670000217800074,
    0.68,
    0.6799999637333111,
    0.65,
    0.68,
    0.66,
    0.68,
    0.71,
    0.68,
    0.68,
    0.7,
    0.7,
    0.7,
    0.7,
    0.71,
    0.71,
    0.71,
    0.73,
    0.71,
    0.71,
    0.71,
    0.72,
    0.72,
    0.72,
    0.71,
    0.73,
    0.72,
    0.72,
    0.72,
    0.7199999876571413,
    0.73,
    0.72,
    0.72,
    0.72,
    0.72,
    0.72,
    0.72,
    0.72,
    0.72,
    0.73,
    0.73,
    0.729999999416,
    0.71,
    0.73,
    0.73,
    0.71,
    0.71,
    0.73,
    0.739999989639998,
    0.71,
    0.6922340814785405,
    0.66,
    0.66,
    0.66,
    0.66,
    0.6599999953799998,
    0.65,
    0.65,
    0.65,
    0.66,
    0.67,
    0.67,
    0.68,
    0.68,
    0.68,
    0.68,
    0.68,
    0.68,
    0.69,
    0.69,
    0.69,
    0.69,
    0.69,
    0.69,
    0.69,
    0.7,
    0.7,
    0.7,
    0.7,
    0.69,
    0.7,
    0.7,
    0.7,
    0.7,
    0.7,
    0.7699999963424996,
    0.72,
    0.72,
    0.7172907560596756,
    0.69,
    0.6770833333333334,
    0.67,
    0.67,
    0.6799999934719999,
    0.68,
    0.68,
    0.68,
    0.68,
    0.69,
    0.69,
    0.68,
    0.69,
    0.6838923150929939,
    0.68,
    0.68,
    0.68,
    0.68,
    0.65,
    0.6799999727999957,
    0.6899999585999611,
    0.689999998965,
    0.65,
    0.67,
    0.65,
    0.67,
    0.67,
    0.67,
    0.6930693061758652,
    0.66999999933,
    0.5993156460956913,
    0.59,
    0.59,
    0.59,
    0.55,
    0.5499999559999947,
    0.56,
    0.57,
    0.5699999965799997,
    0.57,
    0.57,
    0.57,
    0.57,
    0.57,
    0.57,
    0.5699999974576269,
    0.57,
    0.5699999899722215,
    0.5699999875862061,
    0.57,
    0.57,
    0.57,
    0.57,
    0.55,
    0.569999999145,
    0.57,
    0.57,
    0.57,
    0.57,
    0.57,
    0.57,
    0.5699999917166206,
    0.57,
    0.57,
    0.55,
    0.57,
    0.57,
    0.57,
    0.59,
    0.59,
    0.57,
    0.57,
    0.619999968999986,
    0.56,
    0.56,
    0.56,
    0.56,
    0.56,
    0.54,
    0.52,
    0.52,
    0.5,
    0.53,
    0.5,
    0.5039942929192381,
    0.45999992751514096,
    0.44,
    0.44,
    0.48,
    0.5,
    0.5,
    0.47,
    0.47,
    0.47,
    0.45,
    0.43,
    0.43,
    0.43,
    0.430000003306,
    0.43,
    0.43,
    0.43,
    0.46,
    0.43,
    0.49989121948963744,
    0.46999998561224327,
    0.4763497102944678,
    0.46999998041666535,
    0.45,
    0.45,
    0.48,
    0.47,
    0.48,
    0.49,
    0.49,
    0.49,
    0.48,
    0.48,
    0.48,
    0.5,
    0.5,
    0.5,
    0.5,
    0.5287909892594714,
    0.44,
    0.52,
    0.48172413793103447,
    0.44,
    0.45,
    0.43941753863098904,
    0.4,
    0.4099999909799993,
    0.4199999831999973,
    0.3796875,
    0.37,
    0.36,
    0.37,
    0.38,
    0.38,
    0.42,
    0.42,
    0.45,
    0.44,
    0.4300000017660729,
    0.44,
    0.44,
    0.45,
    0.44975,
    0.45,
    0.448,
    0.45,
    0.44999999928,
    0.45,
    0.45,
    0.44,
    0.43999980639989156,
    0.41,
    0.37320652173913044,
    0.36,
    0.36,
    0.34,
    0.33,
    0.3799999011999269,
    0.38,
    0.38,
    0.38,
    0.38,
    0.38,
    0.39,
    0.38,
    0.4099999991144,
    0.4,
    0.39,
    0.38,
    0.39005167690440823,
    0.39,
    0.4,
    0.4,
    0.4,
    0.4,
    0.4,
    0.4,
    0.39,
    0.39,
    0.38999999818,
    0.39,
    0.39,
    0.39,
    0.39,
    0.39,
    0.39,
    0.39,
    0.390009,
    0.39,
    0.39,
    0.390009,
    0.39,
    0.39,
    0.4,
    0.39,
    0.39,
    0.39,
    0.39,
    0.39,
    0.39,
    0.39999516005846647,
    0.39988203468180356,
    0.3900856340513804,
    0.4099999446499798,
    0.3900857616194453,
    0.4,
    0.4,
    0.39999276,
    0.3999899659659966,
    0.40317978627479634,
    0.3999909525834422,
    0.39000010675011476,
    0.39,
    0.39,
    0.3900090088607213,
    0.39,
    0.39,
    0.39,
    0.39000900184079024,
    0.4005809710714776,
    0.390036,
    0.39996392321804897,
    0.3999909842023145,
    0.39,
    0.39,
    0.39,
    0.39000900097694574,
    0.39,
    0.39001525545638244,
    0.3900153068129614,
    0.4,
    0.39999624003158374,
    0.3999847509300287,
    0.3999847371352573,
    0.39000900023933527,
    0.39005239640030204,
    0.3999923518384125,
    0.3999909602024915,
    0.39000901017311407,
    0.39999098014480017,
    0.3999936896995513,
    0.39,
    0.39001194306262915,
    0.3900208276275447,
    0.3999712825691788,
    0.3900119398351649,
    0.39004213483146066,
    0.39996338508067086,
    0.39001195410224315,
    0.3900366071618471,
    0.39000900464250693,
    0.3900090132280223,
    0.39999400008999864,
    0.39000000012499686,
    0.39004286524421883,
    0.39000900050696297,
    0.3999920001599968,
    0.3900090127253854,
    0.4,
    0.4,
    0.4,
    0.39,
    0.39,
    0.39,
    0.38999588290301135,
    0.38,
    0.38,
    0.38,
    0.3800751996846783,
    0.3800090043518713,
    0.38002899484536085,
    0.3800000495514356,
    0.3800090470501509,
    0.38003595728628425,
    0.38003613156651544,
    0.38000900425125295,
    0.38999077227894113,
    0.38999057001858695,
    0.3899950317531151,
    0.3899908742044178,
    0.38000000778368004,
    0.4,
    0.39,
    0.39,
    0.39,
    0.39,
    0.4,
    0.4,
    0.39,
    0.4,
    0.4,
    0.4,
    0.39,
    0.4,
    0.39,
    0.39,
    0.4,
    0.41,
    0.41002068068141606,
    0.41,
    0.41,
    0.419979185810737,
    0.41001541893975535,
    0.41000900290784914,
    0.4100159389172772,
    0.41,
    0.41,
    0.41,
    0.41,
    0.41,
    0.41,
    0.4100373539465586,
    0.4100153365303613,
    0.41998406750639766,
    0.41001534292134534,
    0.42,
    0.42999999203047756,
    0.4199846704138988,
    0.42,
    0.42,
    0.4100090067305473,
    0.41999099909991,
    0.4199604916593503,
    0.4100090055702981,
    0.41000000954897226,
    0.4100394910048267,
    0.42999999690222984,
    0.42,
    0.42999999511200254,
    0.42,
    0.4199984926642996,
    0.4100090082715416,
    0.41000920386562356,
    0.41999176764921275,
    0.41,
    0.41,
    0.41,
    0.41,
    0.4,
    0.4,
    0.4,
    0.4,
    0.41,
    0.41,
    0.41,
    0.4,
    0.4,
    0.40000000017633897,
    0.4,
    0.4,
    0.4,
    0.4,
    0.41,
    0.41,
    0.4,
    0.4,
    0.41,
    0.4,
    0.4,
    0.4,
    0.41,
    0.4,
    0.4,
    0.4100090336424755,
    0.4100000149942156,
    0.410009003548981,
    0.41999905498331835,
    0.410077272981272,
    0.41001161137669073,
    0.4100000006469271,
    0.41000902229433756,
    0.4199789215978011,
    0.4100090376345006,
    0.41001113723549065,
    0.41000900441603566,
    0.4199909942593189,
    0.4100000161707147,
    0.4199999584790758,
    0.41999159174622736,
    0.4100412296338151,
    0.41000000209978543,
    0.4100108986686767,
    0.410093088355379,
    0.41998910263531114,
    0.42,
    0.4199905396794608,
    0.4199524416473192,
    0.41009314466979874,
    0.41995878403490083,
    0.4100412230123669,
    0.4199890344835767,
    0.41,
    0.41000002781386324,
    0.41001037450161293,
    0.4100103800627665,
    0.4199763662377578,
    0.41989107060177194,
    0.41,
    0.4101083309657031,
    0.4100131315179302,
    0.41002625262111503,
    0.41,
    0.41,
    0.41,
    0.41,
    0.41,
    0.41000000493256794,
    0.41,
    0.41003884333189466,
    0.41,
    0.41,
    0.4100090246591826,
    0.41,
    0.41996106803916217,
    0.419967054244672,
    0.41995711975510186,
    0.4100262583764947,
    0.4199523177894774,
    0.4100131280660901,
    0.4100440313111546,
    0.4199805143201941,
    0.4100113150616042,
    0.4100090329624002,
    0.41002275025278057,
    0.4100090096449103,
    0.42,
    0.42,
    0.41998608892030276,
    0.41996634919843473,
    0.410020603782732,
    0.41002593575562685,
    0.4100205941407751,
    0.4101734104046243,
    0.41002059144491015,
    0.41997245500529895,
    0.41003356956359566,
    0.4100090209588362,
    0.4100090076190517,
    0.4199999971835708,
    0.4199991,
    0.4199958352445102,
    0.41001247156039583,
    0.41000000482732885,
    0.41001248315462446,
    0.41001247979524674,
    0.41006854531607007,
    0.41002831329185846,
    0.41001255319316915,
    0.4100283481662188,
    0.4100304568527919,
    0.4100126235331481,
    0.41006342494714587,
    0.4100660792951542,
    0.41001256728047164,
    0.4199894634876891,
    0.4199865898901034,
    0.41998668640258435,
    0.4199687915169178,
    0.4100109520797006,
    0.4100000033857114,
    0.41001330820026616,
    0.41001120523047824,
    0.41003948377712507,
    0.4100133050526638,
    0.4100507171916705,
    0.4199812490914824,
    0.4100109447948261,
    0.41002364523806745,
    0.4100236395563533,
    0.41003774223359923,
    0.41002815139192994,
    0.4100419757992506,
    0.419999998544,
    0.4199999939302544,
    0.4199999831999973,
    0.41999061434255225,
    0.419970887946231,
    0.4199533524333111,
    0.41004192246291227,
    0.4100467047223664,
    0.410041935569225,
    0.41995920950522414,
    0.41004192246291227,
    0.4100377992440151,
    0.41006317404838755,
    0.41003798930343555,
    0.41996691388440666,
    0.41997639564665906,
    0.41996768505949383,
    0.41993069379150466,
    0.41,
    0.4100095425347735,
    0.4101549053356282,
    0.4100001211893955,
    0.4199319400192377,
    0.4100095299902193,
    0.4100679758308157,
    0.41994510808604946,
    0.41000956505877717,
    0.4100095724240979,
    0.410023204201944,
    0.41001707912499286,
    0.4100233690210911,
    0.41991499232394625,
    0.41002317826703116,
    0.4100231751256221,
    0.4100169324373218,
    0.41000953169886206,
    0.41008474576271187,
    0.4199149576869096,
    0.41999640946307915,
    0.41999099315822125,
    0.41000957236508007,
    0.41001156667951855,
    0.4199909501923084,
    0.41016470299946484,
    0.4100114167639255,
    0.41999993114749584,
    0.41999924125960947,
    0.41016458938947653,
    0.4100114691613995,
    0.41001147062714166,
    0.4100265486725664,
    0.410010805623633,
    0.410009014441518,
    0.4100000002357071,
    0.41998909904779735,
    0.4199890162767898,
    0.4199890634738506,
    0.41998134553381145,
    0.4100107988541161,
    0.4101067615658363,
    0.4199890970775884,
    0.41995506564339286,
    0.41001086085910293,
    0.41001089022018894,
    0.4100130771359563,
    0.41000902575125175,
    0.419986874226755,
    0.41998692999499876,
    0.41000900022004927,
    0.4100991511261404,
    0.4100993315751309,
    0.41998897679118774,
    0.4199018974022751,
    0.41000996327071487,
    0.4101026619809511,
    0.4101028250793855,
    0.4100090298266747,
    0.41998755593646375,
    0.41,
    0.41997201461898137,
    0.4198472929898867,
    0.4001526692433583,
    0.41991131405319565,
    0.4,
    0.40008866995073894,
    0.419990963290908,
    0.41,
    0.41637412844670657,
    0.4,
    0.4,
    0.4000000574162899,
    0.4099999609523775,
    0.4,
    0.410045,
    0.41,
    0.4100752545919822,
    0.41,
    0.41,
    0.41007535297570297,
    0.4101071251030049,
    0.4199513769100473,
    0.41010706210004483,
    0.4199220249815176,
    0.41010724271775933,
    0.41999093827189116,
    0.41000002313726047,
    0.4199908498992021,
    0.4100000295000044,
    0.41000018964296553,
    0.420084520507123,
    0.42008429618211873,
    0.4200326102931681,
    0.42008922301959056,
    0.4200090023488881,
    0.42,
    0.42,
    0.42,
    0.4299041735985702,
    0.42009577237099116,
    0.4200331015452219,
    0.42989857178668756,
    0.4298969724120566,
    0.4200328502033765,
    0.4201029748283753,
    0.42003261534644787,
    0.42995501269667447,
    0.4200327730910707,
    0.42005161299193033,
    0.4200090115599109,
    0.42005173143728725,
    0.4200090036160608,
    0.4299909916882737,
    0.4299760258774568,
    0.4200193557571428,
    0.4200000019694307,
    0.42003581384394534,
    0.42007740844645103,
    0.4200193561059085,
    0.4200726392251816,
    0.4200793025475463,
    0.4201304347826087,
    0.4200791902016926,
    0.4200792329705877,
    0.429927245466615,
    0.4299283712239178,
    0.4201221496183571,
    0.42007932696060557,
    0.4299226139294927,
    0.4201220559216545,
    0.4299806474271501,
    0.4201220180469806,
    0.42995769517038385,
    0.4201518929630956,
    0.4201222437399717,
    0.4299208457156001,
    0.42015154044794306,
    0.4298835973440397,
    0.4299226139294927,
    0.420035882966899,
    0.4200359006117788,
    0.42003878281420426,
    0.4200507159913361,
    0.4200389968171538,
    0.42005072987440945,
    0.42007740844645103,
    0.4299492565186985,
    0.42005088385494527,
    0.42996127157346253,
    0.42003873188971136,
    0.4200387438376582,
    0.42996124235727134,
    0.42003877130785405,
    0.42999098867794916,
    0.42,
    0.41000901478370194,
    0.41000000367421907,
    0.41,
    0.42,
    0.4100120133176835,
    0.42,
    0.41,
    0.41001214992227025,
    0.4299998279998968,
    0.41000901034419607,
    0.42999992976665474,
    0.4100090459621843,
    0.4100091158759818,
    0.4299999578815435,
    0.4100090683845198,
    0.41001713712881144,
    0.42,
    0.42999994250695545,
    0.42000000541523363,
    0.41001714618200463,
    0.42999999796636884,
    0.41001718405174087,
    0.42999998982850346,
    0.42281218245480634,
    0.4100991626284994,
    0.41001713825208597,
    0.4100993452686086,
    0.4100171409767141,
    0.4199155158400649,
    0.4199154949677727,
    0.42999820806514416,
    0.42998286130182173,
    0.4299926771305287,
    0.42999076808897724,
    0.4299907903706993,
    0.41000920386562356,
    0.4100090048361957,
    0.42659614110981375,
    0.41999998809999933,
    0.41,
    0.4100000011111765,
    0.419999997732,
    0.41000008428576246,
    0.4199999174999794,
    0.41000007036699637,
    0.4100000154681673,
    0.4199999973571608,
    0.4199999114062341,
    0.41999985725485717,
    0.41999999525217374,
    0.4100000334467177,
    0.41000002505792366,
    0.4199999762823515,
    0.41000011644742207,
    0.4199999439999855,
    0.41000005101338083,
    0.41,
    0.4100090541028135,
    0.41000000867198144,
    0.4199999624390125,
    0.4199999647650977,
    0.41001689364098387,
    0.4100091096219157,
    0.41001682077622403,
    0.4101771653543307,
    0.41999995070904017,
    0.4100168254274272,
    0.4101061320754717,
    0.4100244837721905,
    0.41003526645768024,
    0.4199999948618033,
    0.4100244761508647,
    0.41999997299034675,
    0.41010615969754005,
    0.41002451349126984,
    0.4299860338729868,
    0.42869162433424773,
    0.4100090090950303,
    0.4100090604454643,
    0.4100090482272036,
    0.41000908291471,
    0.4199999581395252,
    0.4295000723653268,
    0.4199999787341729,
    0.41,
    0.4100000027701222,
    0.41,
    0.41014729950900164,
    0.41999999576826186,
    0.4100000026940642,
    0.4299219713072585,
    0.4299680978399186,
    0.4100000273241934,
    0.41,
    0.41,
    0.4100000056508541,
    0.42987304500865336,
    0.41999990443110224,
    0.41000002545966596,
    0.42,
    0.4199999625581356,
    0.42,
    0.42,
    0.42,
    0.42,
    0.4200516837108719,
    0.42005174712910776,
    0.42997937297333594,
    0.4299784937049109,
    0.4299328829474023,
    0.4200000068541607,
    0.42001187882387525,
    0.4200117046102671,
    0.42001170016696054,
    0.4200782264888929,
    0.42007818325656604,
    0.420118607354656,
    0.4200781121808448,
    0.420145888936565,
    0.42011801394725734,
    0.4201458899764656,
    0.42014955192927467,
    0.42014956264274317,
    0.4298712653120388,
    0.4299490684460921,
    0.42997288573733966,
    0.429926678870599,
    0.42002064573198206,
    0.42001189584572485,
    0.4200733209743557,
    0.4200206118799416,
    0.4200734752293773,
    0.4200733214780583,
    0.4299266195413056,
    0.4299793903021388,
    0.42002061726720424,
    0.4299720400629628,
    0.4299438483786023,
    0.4299438587078344,
    0.4200560909762164,
    0.4200600835836816,
    0.4200117946059615,
    0.4200599670569807,
    0.4200599433554696,
    0.42994259475498003,
    0.42994005127897555,
    0.420070710035355,
    0.42005988540497313,
    0.42992452415514226,
    0.4200706217277773,
    0.4200942024588819,
    0.4299059889184294,
    0.4200938665709361,
    0.4299294185119722,
    0.42992712733369876,
    0.4200318506651675,
    0.4200116783113858,
    0.42990933554562505,
    0.4200318457098063,
    0.4200903934325221,
    0.4200319057221971,
    0.42009047064736643,
    0.4299681220756133,
    0.42998830318635595,
    0.4299626389531788,
    0.4200396241249504,
    0.4200116767993176,
    0.4200201776622848,
    0.42001165447800165,
    0.42998463730763575,
    0.42997974684102536,
    0.42002018346232134,
    0.42004909501680227,
    0.42004460760199486,
    0.420086018431294,
    0.4200860104423414,
    0.4299611420916288,
    0.4298935631067173,
    0.4200490562013437,
    0.42004911565296155,
    0.4201272984441301,
    0.4200494218308364,
    0.4201718054418733,
    0.4201163708013733,
    0.42984265632668506,
    0.4298847201516099,
    0.4201152895994004,
    0.42995092799689,
    0.4200491064709325,
    0.4200446527505457,
    0.4299552846377662,
    0.42995527772201536,
    0.4200446038578809,
    0.42994190223199447,
    0.4200000351515206,
    0.420015147839259,
    0.4200920245398773,
    0.4200000084910042,
    0.4299226139294927,
    0.420015032551308,
    0.42007731958762884,
    0.4200150680236008,
    0.4299227170666191,
    0.42001501774947964,
    0.4200150085085334,
    0.420077752657477,
    0.42007769498248937,
    0.42009129476086704,
    0.4299223065515248,
    0.4200914131409157,
    0.4299128778788198,
    0.4299190204263193,
    0.4200150408771184,
    0.4299189879421495,
    0.42001530265245973,
    0.42008095672374657,
    0.42008110321670133,
    0.4200150796221559,
    0.4299849699398798,
    0.42998485838133127,
    0.429985,
    0.42,
    0.420015,
    0.4200140508148041,
    0.42000001462619513,
    0.42998600162184725,
    0.42001399432940334,
    0.429972167445748,
    0.42,
    0.4200358298461314,
    0.42,
    0.42003585072073957,
    0.42003585644134955,
    0.4299556414321149,
    0.4201754600636794,
    0.4200000010164234,
    0.42005411906193624,
    0.42004453296404953,
    0.4200738310090238,
    0.42995295367849334,
    0.42017551298191597,
    0.4299456591138037,
    0.42994586084763486,
    0.4299521613005279,
    0.4299260767758702,
    0.4299003459631899,
    0.42995552303526846,
    0.4200445909532342,
    0.420044520370658,
    0.42004450539761473,
    0.4200729235334061,
    0.4200445416539044,
    0.42007290741851877,
    0.4200701672513938,
    0.4200000014239943,
    0.4200103288209154,
    0.42998961301077115,
    0.4200701268410461,
    0.4201130653266332,
    0.4299896366935327,
    0.42998967387815173,
    0.42998944388599397,
    0.42998873615973154,
    0.42998868998956113,
    0.4200701263557279,
    0.4299887199563131,
    0.4299759701679273,
    0.4299678215044512,
    0.4299678215044512,
    0.4200000734667063,
    0.42003214285714285,
    0.4200002184070753,
    0.42001123047220534,
    0.42,
    0.4299677171514968,
    0.42001126987792564,
    0.4200121233854972,
    0.4200112308287745,
    0.42001407819219716,
    0.42998873065837473,
    0.42999117568075146,
    0.4299700761702759,
    0.42015734265734267,
    0.42001406115881945,
    0.42998586289807794,
    0.4299760266482652,
    0.4200121957124515,
    0.4200121126750417,
    0.42007758620689656,
    0.4200776022337489,
    0.42010834520119034,
    0.42010766198672445,
    0.4299306328530903,
    0.4298922543199283,
    0.42998786358917895,
    0.4299860509358656,
    0.42992702343622413,
    0.4200000040801971,
    0.42,
    0.4200760495158967,
    0.4200001031282481,
    0.42007606028405403,
    0.4299239272790965,
    0.42001500127555114,
    0.4200000032333488,
    0.42001505218200796,
    0.4299849606605922,
    0.42997171985894794,
    0.42,
    0.4200000525779287,
    0.42000000257777836,
    0.4200865384615385,
    0.42000001007422105,
    0.429922517749937,
    0.4200000040600001,
    0.42007740844645103,
    0.42000001662706,
    0.42998545444913777,
    0.4200000343703734,
    0.4200000453125319,
    0.42001451723393823,
    0.4200000014347886,
    0.42001452401698547,
    0.4299751424038695,
    0.4200362656533325,
    0.42004160887656034,
    0.4200141369527309,
    0.420000066621734,
    0.4200531600708801,
    0.4299504932757816,
    0.4299635906467347,
    0.42996372488588674,
    0.42003644012272273,
    0.4200362482248965,
    0.42996319269247935,
    0.4200141321472024,
    0.420014160239004,
    0.4200380173020223,
    0.42996182575445036,
    0.4200782322272395,
    0.4200380306457376,
    0.4299366071502857,
    0.4201492869433174,
    0.4200782489286146,
    0.42014926153991033,
    0.4299217342949862,
    0.4299858135235024,
    0.4299858184984808,
    0.42000908494710787,
    0.4200090284571196,
    0.42000000142393407,
    0.4200090484469786,
    0.42998562181356476,
    0.42998540497983284,
    0.4200090247701221,
    0.4200145215648948,
    0.42001453675855804,
    0.429983734646931,
    0.42000902369532406,
    0.420018,
    0.42999099318824235,
    0.42000900986034717,
    0.4200091693963113,
    0.42998821,
    0.42987136086662153,
    0.4200000099428584,
    0.420000002283465,
    0.4200000017400001,
    0.42,
    0.42012860862654655,
    0.42,
    0.42989195575371686,
    0.42005689001264224,
    0.42010817307692305,
    0.4200000434934836,
    0.4299430433394718,
    0.4299323362273685,
    0.4200000008244492,
    0.42001366326099226,
    0.4200000222217531,
    0.42001384002768005,
    0.42018,
    0.4299842837045336,
    0.4299741640104464,
    0.42,
    0.4299404832793829,
    0.4200593321638178,
    0.42000000765339607,
    0.4200594988678078,
    0.4200595441765173,
    0.4299405391693776,
    0.42994973609852605,
    0.42000010368724816,
    0.42004720617894076,
    0.4200000099021225,
    0.42004704974031803,
    0.42,
    0.42993957784729897,
    0.42998200197480274,
    0.4201354841468142,
    0.4200180035263222,
    0.4200000365858181,
    0.4201355422552171,
    0.4201354459399692,
    0.4200180427278369,
    0.4200180933802774,
    0.4200180682822226,
    0.4200180682822226,
    0.4200180427278369,
    0.4200180682822226,
    0.4200180933802774,
    0.4200179987280571,
    0.4200890348480186,
    0.42998184124773015,
    0.42008919035684844,
    0.42996133507520345,
    0.4298941103205614,
    0.4200090133481919,
    0.42000000460763115,
    0.4200157263375422,
    0.4200157916648722,
    0.4200157170857509,
    0.4200159528141491,
    0.4200090053183506,
    0.42002903128304075,
    0.42001596113734335,
    0.4200160121121924,
    0.4299840573971922,
    0.42998406787891585,
    0.43,
    0.4200090050373081,
    0.4200090171712481,
    0.42999303,
    0.42999083062608606,
    0.42999094510483243,
    0.4299909557576674,
    0.42999089063842716,
    0.4200090048668327,
    0.42,
    0.42999976392146677,
    0.42000905371395825,
    0.43,
    0.4299954883048618,
    0.42999091570881226,
    0.42018,
    0.42,
    0.42,
    0.4299477651537955,
    0.42005224957381015,
    0.4299409901559746,
    0.42,
    0.4200236288732516,
    0.42,
    0.4200094757192449,
    0.4200148410821715,
    0.42000000499843765,
    0.42998972704116556,
    0.429989568608416,
    0.429991,
    0.42000952271390957,
    0.4201801036035376,
    0.42000947826510426,
    0.42018006600225494,
    0.4299962322681729,
    0.42984638623579446,
    0.42982,
    0.4200000568627674,
    0.4200000677922439,
    0.42018,
    0.42000001781038976,
    0.42011042944785276,
    0.4298894335798476,
    0.42991039804923803,
    0.4200904447794251,
    0.4200000169752875,
    0.4200895537347978,
    0.4299076255678862,
    0.42012765957446807,
    0.42,
    0.42,
    0.4299909314882321,
    0.4200000139200011,
    0.42000000369090923,
    0.42000000328666676,
    0.42000009860008186,
    0.42999995054998097,
    0.43,
    0.42000010609760624,
    0.42,
    0.42,
    0.4200001740002958,
    0.42000901505848787,
    0.4200288604707094,
    0.42001272605678613,
    0.42002165827727667,
    0.4200000001040889,
    0.42999995085711334,
    0.42999996304686855,
    0.42999994460121715,
    0.42002890284062694,
    0.42010108198177676,
    0.42999996532256946,
    0.4201011103427751,
    0.43,
    0.4200689755071018,
    0.42002886089579694,
    0.4200689648792217,
    0.4200691278982103,
    0.42008988524865576,
    0.4200292794964628,
    0.4200742404203079,
    0.4299999066285384,
    0.4299999913102995,
    0.42008997901881345,
    0.4200899137393022,
    0.4299999181716268,
    0.4200742535278433,
    0.4201157626554956,
    0.4201158516580537,
    0.4201158820388112,
    0.4299998372972123,
    0.4200743455579443,
    0.4299998670908293,
    0.42007425127376663,
    0.4299998372972123,
    0.42007425127376663,
    0.4299998080356286,
    0.42007415058287595,
    0.4299999044444032,
    0.4201008237235294,
    0.42002895090758574,
    0.43,
    0.4299999723571348,
    0.42010093662295533,
    0.4200288517984226,
    0.420115068968046,
    0.42011737614421635,
    0.43,
    0.43,
    0.4299999651904624,
    0.43,
    0.4299998372972123,
    0.43,
    0.43,
    0.4300000232970081,
    0.43000009756763874,
    0.43,
    0.43,
    0.4299998670908293,
    0.43,
    0.4201174105161276,
    0.4201147233526803,
    0.43994680782978507,
    0.43994663042569676,
    0.4201147233526803,
    0.4201147863095192,
    0.4201147233526803,
    0.4200288430554366,
    0.4200216561494079,
    0.43998722012597913,
    0.42011621396568144,
    0.4200219823028549,
    0.4399816764826391,
    0.4374911647652927,
    0.4201158715113368,
    0.4200127261870759,
    0.4298599042185204,
    0.4298600849778355,
    0.42004181010523334,
    0.4200090033544271,
    0.4200419774036529,
    0.43,
    0.43,
    0.4399999964799999,
    0.43999836408606596,
    0.42000917440867247,
    0.4200538253231897,
    0.4200093789804352,
    0.4200537174496929,
    0.42000917440867247,
    0.4200950313593037,
    0.42005381905451816,
    0.4200538495620463,
    0.4200949771717383,
    0.4200949698889222,
    0.4200538253231897,
    0.42009493285505817,
    0.43,
    0.4299998670908293,
    0.4299998372972123,
    0.4299998372972123,
    0.42005381905451816,
    0.42005383147992037,
    0.4200538253231897,
    0.4200538253231897,
    0.4299998372972123,
    0.4299998372972123,
    0.4399216484718705,
    0.4200537927970613,
    0.42000907478071337,
    0.42007831851951255,
    0.4201782694128333,
    0.43,
    0.4200783410138249,
    0.43988779405650924,
    0.43,
    0.43,
    0.439821713983465,
    0.43,
    0.42007832708515136,
    0.4399208300322728,
    0.43992570532212033,
    0.43999467635765716,
    0.43,
    0.4399207661986972,
    0.4200791932921328,
    0.4200791932921328,
    0.4200791932921328,
    0.4200791932921328,
    0.42001153402537483,
    0.42007923761283844,
    0.42007919616577105,
    0.4399909819430305,
    0.4399908858949403,
    0.4200090267713369,
    0.439991,
    0.43,
    0.43,
    0.43,
    0.4299998279998968,
    0.4399941455778638,
    0.4200000025690401,
    0.4200090032436751,
    0.42,
    0.4201800469303417,
    0.42,
    0.42,
    0.42,
    0.42011826544021025,
    0.42017821782178216,
    0.4200592880249174,
    0.4201800148530615,
    0.4399102367979236,
    0.439910165661004,
    0.4399406479531743,
    0.4399406479531743,
    0.4399405326693792,
    0.42005945436817693,
    0.42005927939949433,
    0.4200593227130282,
    0.4399405326693792,
    0.42005945436817693,
    0.4200593227130282,
    0.43995367111861655,
    0.4200090479018993,
    0.420051418861628,
    0.4399535115512744,
    0.4200513992359139,
    0.42000901966628107,
    0.4201132402943045,
    0.4399056665816915,
    0.43008869296265245,
    0.4398510858678497,
    0.43008869669633315,
    0.42001032427612744,
    0.4201650741759717,
    0.4201650107954929,
    0.4201649218102053,
    0.43000009756763874,
    0.43000009756763874,
    0.43000009756763874,
    0.43000058038837147,
    0.43,
    0.43000013741080384,
    0.4300000570000461,
    0.43,
    0.439991,
    0.43987957245787496,
    0.4200090452562584,
    0.43999090097906873,
    0.4399908607547357,
    0.439993111260727,
    0.43,
    0.4300090064726307,
    0.43000901084097726,
    0.4301009294061422,
    0.4301785714285714,
    0.43999098151066385,
    0.43999087347725524,
    0.430009,
    0.43000904289334213,
    0.44,
    0.43999997249999456,
    0.43999980639989156,
    0.43001058326487723,
    0.4300090091414339,
    0.4300231463495283,
    0.4399998255854976,
    0.4399999498445523,
    0.43002313078469795,
    0.4300537489271291,
    0.4399999984827586,
    0.4300538779768827,
    0.4399999116317799,
    0.44,
    0.4399999574193475,
    0.43010806452620987,
    0.4300538033362978,
    0.43010567950094486,
    0.4399690693151169,
    0.4398944201934104,
    0.43018,
    0.43005377559269,
    0.4399998307691331,
    0.4301800687453337,
    0.4399979288721079,
    0.4398198320238418,
    0.43005374404299523,
    0.4300231433410478,
    0.43002332346892713,
    0.4399769171348207,
    0.43001057754076577,
    0.4300856931266008,
    0.43008584939125655,
    0.44,
    0.43999999207999974,
    0.4399998026167265,
    0.43999995408694137,
    0.43999399847585924,
    0.4399888377506006,
    0.439990407407701,
    0.4300858466056704,
    0.43998886427171174,
    0.4399888377506006,
    0.4399143266083989,
    0.43991425663421296,
    0.43991425663421296,
    0.4399767212104971,
    0.4399143266083989,
    0.43997028996335347,
    0.43001058698547473,
    0.4300090068648649,
    0.4300772118552003,
    0.43984739415788143,
    0.43000921313218515,
    0.43000921313218515,
    0.43000917121204807,
    0.4301547856421669,
    0.4300186240758508,
    0.43015484990139885,
    0.43015482361976576,
    0.43000921313218515,
    0.43000921313218515,
    0.43000917121204807,
    0.43999099809454906,
    0.43000912223798904,
    0.4399908825764241,
    0.4399726258167936,
    0.43011795543905634,
    0.43017821782178217,
    0.4399489024652222,
    0.4399489024652222,
    0.43996510673563194,
    0.43996511985096665,
    0.43996510673563194,
    0.4399651327320995,
    0.43996510673563194,
    0.4399651327320995,
    0.43996511985096665,
    0.4300386281810086,
    0.43003872724298364,
    0.4300180552258008,
    0.43002358737646784,
    0.4300180324665505,
    0.43002308183450794,
    0.4399791196851627,
    0.43002311848176195,
    0.4399272163904168,
    0.43993629590415145,
    0.43002310260016696,
    0.43998197927869914,
    0.4300231132128591,
    0.43998180233445777,
    0.430018003848462,
    0.43000900865671987,
    0.43999099538387426,
    0.43000900678811893,
    0.4300328947368421,
    0.4399933590904594,
    0.43007238301747636,
    0.4301006711409396,
    0.43000945111280126,
    0.4300723720889489,
    0.43007245458012183,
    0.43008944071552574,
    0.4300894994308698,
    0.4399274659306751,
    0.4300893886225078,
    0.4300095326954942,
    0.4300094700040586,
    0.43001934651762685,
    0.430009005424785,
    0.4399831926364388,
    0.4399784362548984,
    0.439978434953706,
    0.4300090862053735,
    0.4300090063157465,
    0.4300090610954053,
    0.4399999894399992,
    0.44,
    0.43999999753599994,
    0.4399999156885884,
    0.42999955483980784,
    0.42999999522664184,
    0.42997739350403785,
    0.42989942500940403,
    0.4299539013435732,
    0.4201225003654264,
    0.42012244514899716,
    0.42995378201071627,
    0.4201225101631628,
    0.4100132747278681,
    0.41001320686757114,
    0.4274723715155707,
    0.4100090084851998,
    0.4100230179843175,
    0.4100156528635945,
    0.41009453781512606,
    0.4100000140265766,
    0.41970873720254165,
    0.4197087365180241,
    0.41002313775659577,
    0.4100230895683958,
    0.4100230768832136,
    0.4100230895683958,
    0.4100230822565027,
    0.4100230768832136,
    0.41002300911514944,
    0.4100230895683958,
    0.4100231057529409,
    0.4100231348494784,
    0.41002312711654415,
    0.410023060624861,
    0.42984050322337714,
    0.4100230822565027,
    0.4100156702517419,
    0.4100157458178798,
    0.41001576166796844,
    0.41001572904653844,
    0.41001570634711826,
    0.410015719545273,
    0.41001572341507375,
    0.41001577717457305,
    0.41001568193852944,
    0.410015642257772,
    0.41015960653980477,
    0.41001565838737164,
    0.4101600725719469,
    0.4100157324491139,
    0.41015960653980477,
    0.42984059665114066,
    0.41001570590010017,
    0.41001571680731197,
    0.4100090055503943,
    0.41999418262817967,
    0.41000920386562356,
    0.419991161880242,
    0.4100191987642908,
    0.41,
    0.4100988489328217,
    0.41000000068244,
    0.4100099031690141,
    0.4100989507385232,
    0.4199909905926211,
    0.41999999812406946,
    0.4100000781928078,
    0.4100000846890641,
    0.41000002622224047,
    0.4100000140476271,
    0.41000007375002917,
    0.41000004597405226,
    0.4100000315508173,
    0.41,
    0.41000010646622626,
    0.4100000458889108,
    0.4100001106250856,
    0.41000013111118605,
    0.41000008929733206,
    0.41000004609378243,
    0.41000008388628373,
    0.41999984653837,
    0.4100000114214612,
    0.41000003754546355,
    0.41000000457364694,
    0.419999980219778,
    0.42,
    0.4100000101006122,
    0.41,
    0.41,
    0.41,
    0.41,
    0.41,
    0.41000015340011353,
    0.41,
    0.41,
    0.42,
    0.41,
    0.41,
    0.4100000067678357,
    0.42000000885496847,
    0.4200000662857446,
    0.4200000740425831,
    0.4200000572839803,
    0.42000011600003784,
    0.42000011356649075,
    0.4200000241666824,
    0.4200000241666824,
    0.4200001185402948,
    0.42000009914536696,
    0.42,
    0.4200001062921404,
    0.4200000697744802,
    0.4200000072500044,
    0.4200000604377506,
    0.42999984847609957,
    0.4200000038099132,
    0.42,
    0.42,
    0.42,
    0.42,
    0.42,
    0.42,
    0.42,
    0.4299999906910906,
    0.42999990152666495,
    0.42999987206604806,
    0.4299998512781351,
    0.42999987972022924,
    0.4299998449179616,
    0.429999876783589,
    0.429999891414114,
    0.42999989452826143,
    0.42999993700633854,
    0.4299998930143295,
    0.4299998422301602,
    0.4299998353905594,
    0.4299998353905594,
    0.4299999601030759,
    0.42999993368156925,
    0.42999992976665474,
    0.42999996758792586,
    0.4200000485864088,
    0.4200203256878386,
    0.42000000405047083,
    0.4301073090531728,
    0.43,
    0.420020339961446,
    0.4200214489990467,
    0.43998133462902256,
    0.4399784178881435,
    0.4399784591220555,
    0.4399784297570076,
    0.4399786766463292,
    0.4399786766463292,
    0.43997845570366545,
    0.4399784615069783,
    0.4399784914167184,
    0.4399784932364435,
    0.4399784159005799,
    0.43997844104256906,
    0.43997846041201377,
    0.4200151362260343,
    0.42,
    0.42,
    0.42000000304256246,
    0.4200150076497662,
    0.42002157690261566,
    0.4200150016478382,
    0.42002167380088695,
    0.4341866410346464,
    0.4299998279998968,
    0.42999440657227755,
    0.4299909540180907,
    0.429990911548848,
    0.4299908794832043,
    0.42999099311925504,
    0.4299908347550692,
    0.4299909417282803,
    0.42999090321777966,
    0.42999089063842716,
    0.4299908794832043,
    0.4299908766137198,
    0.4299909540180907,
    0.42999092940766104,
    0.4299909466227722,
    0.42999084234894525,
    0.42002179560271685,
    0.43,
    0.43,
    0.4300000665000366,
    0.43000007811112934,
    0.43000009405007855,
    0.43000005937501856,
    0.4300000665000366,
    0.4300000720000288,
    0.4300000932727544,
    0.4300000720000288,
    0.4300000932727544,
    0.4300000511034613,
    0.43992145511038266,
    0.4299999986383333,
    0.42000001338462023,
    0.42000007060871775,
    0.42000004776473004,
    0.42000006214287267,
    0.42,
    0.4200000662857446,
    0.42000003448649376,
    0.4200000835200548,
    0.42999997348654573,
    0.42000001338462023,
    0.42,
    0.4200000421818343,
    0.42000006214287267,
    0.42000001496774636,
    0.42000003448649376,
    0.42000007060871775,
    0.42,
    0.42000009666669086,
    0.4200001491429253,
    0.42000010707698565,
    0.42000004776473004,
    0.42,
    0.42000004776473004,
    0.42000001391221436,
    0.42,
    0.42000006214287267,
    0.4200000072500044,
    0.4200769394918152,
    0.4200000734667063,
    0.42,
    0.4200770305364562,
    0.42000035014618603,
    0.42000011600003784,
    0.4200000562424358,
    0.4399667054040729,
    0.4200000837778122,
    0.4200000562424358,
    0.4200000835200548,
    0.4200000110476241,
    0.42000001338462023,
    0.42000001496774636,
    0.4200000072500044,
    0.4200000110476241,
    0.42000001496774636,
    0.42,
    0.429843031899097,
    0.4200000734667063,
    0.4200000734667063,
    0.42000009860008186,
    0.42000009860008186,
    0.42,
    0.4200000386666784,
    0.42,
    0.4200000835200548,
    0.42000006214287267,
    0.42000004776473004,
    0.4200000734667063,
    0.4200161312004302,
    0.4200090587608301,
    0.4200159021239037,
    0.4200090478645082,
    0.420015880700092,
    0.42000901306895,
    0.42000009666669086,
    0.4200098462043395,
    0.42000074958304445,
    0.4200090216690312,
    0.4200158964108862,
    0.4200159089795257,
    0.42001585957179155,
    0.4200158915767951,
    0.4200333142669206,
    0.4200158754631619,
    0.4200333142669206,
    0.4200333421061684,
    0.42003329396646905,
    0.4200158713078011,
    0.420033281067504,
    0.42003332998039894,
    0.42001585957179155,
    0.4399789396572048,
    0.4200159021239037,
    0.4399790799421293,
    0.43997905698940765,
    0.4399790502202434,
    0.4200158564197849,
    0.420015880700092,
    0.4200158732581389,
    0.4399790628560165,
    0.42000907016933736,
    0.42000907016933736,
    0.42000901306895,
    0.4200091638622601,
    0.4200090312905217,
    0.4200090512758358,
    0.4200090989045355,
    0.42000907016933736,
    0.4200090478645082,
    0.42000900919672723,
    0.42002084862738415,
    0.43999980639989156,
    0.4200091716004704,
    0.42002240380490674,
    0.4200225312852051,
    0.4399999229999654,
    0.43999995408694137,
    0.43999995474284886,
    0.4399999675789412,
    0.43999995408694137,
    0.4399999339999824,
    0.43999995306664036,
    0.4366871217008277,
    0.42002240801872537,
    0.42999995038460204,
    0.42999995960605214,
    0.4299998736874582,
    0.4299999343683965,
    0.4299998944545234,
    0.42999991026084927,
    0.4299999184482632,
    0.42999995038460204,
    0.4299999723571348,
    0.4299998279998968,
    0.42999995960605214,
    0.4299998944545234,
    0.43,
    0.42999992922359215,
    0.42999999704374997,
    0.4299872867031692,
    0.4299775712809201,
    0.42999995085711334,
    0.4299775403378379,
    0.42997758382595647,
    0.42997749192969714,
    0.42997757850563584,
    0.4299775938619823,
    0.42002213583411335,
    0.42002208169996996,
    0.4200900902363738,
    0.4200220530902745,
    0.4200901326038058,
    0.4200220530902745,
    0.42002216290119027,
    0.42002207562949595,
    0.4200221319775757,
    0.4200900137602834,
    0.4200221432317464,
    0.4299998279998968,
    0.42999995054998097,
    0.4299779349533796,
    0.4299999723571348,
    0.42998411447135826,
    0.4299779421199598,
    0.42997799205483633,
    0.42997794856988186,
    0.4299778260213381,
    0.4299284768163604,
    0.4299099360836723,
    0.4299779711234727,
    0.4200220231675243,
    0.43,
    0.4200090956327657,
    0.42000906719536085,
    0.42000909670900605,
    0.420009097580248,
    0.4200090353211458,
    0.42000907016933736,
    0.4200091638622601,
    0.42000907016933736,
    0.420009097580248,
    0.4200090267713369,
    0.4299998670908293,
    0.43,
    0.4299909621255819,
    0.4299909110633303,
    0.4299918111829521,
    0.4299909314882321,
    0.4299908964741139,
    0.42999995038460204,
    0.42999084978861635,
    0.4299909017792836,
    0.4299909151483108,
    0.4299908964741139,
    0.42999093412370315,
    0.4299908770218242,
    0.4299909314882321,
    0.42999091891906194,
    0.4299908600010696,
    0.42999084978861635,
    0.4299909066231341,
    0.42999094109995,
    0.4299848105936204,
    0.4299268048882727,
    0.42007271891907566,
    0.4299287897781707,
    0.42,
    0.42000900046837264,
    0.4200000162764155,
    0.4299099853572513,
    0.42008992807014195,
    0.42000909670900605,
    0.4200090749276993,
    0.4200090982999695,
    0.42000901306895,
    0.4200090543081268,
    0.420009097580248,
    0.42000901306895,
    0.4200090478645082,
    0.4200090267713369,
    0.4200090727184599,
    0.4299909561881113,
    0.4299885895526621,
    0.42000000262916615,
    0.4200115421767261,
    0.4200307692307692,
    0.42005218997329047,
    0.4200116943772872,
    0.42001155200860296,
    0.4201105850220213,
    0.42001156777327164,
    0.4201105214644812,
    0.420052339768562,
    0.42011054484248916,
    0.4200521160031293,
    0.4200520266291141,
    0.4200521150492577,
    0.4200521141430802,
    0.4299732150322169,
    0.42999084978861635,
    0.4200117041755139,
    0.42999089063842716,
    0.4200117041755139,
    0.43,
    0.42,
    0.43,
    0.42,
    0.43,
    0.42,
    0.43,
    0.42,
    0.42000001338462023,
    0.42,
    0.42000007060871775,
    0.42000004776473004,
    0.4200000386666784,
    0.42000004776473004,
    0.4200001740002958,
    0.42,
    0.4200001491429253,
    0.42000004776473004,
    0.42,
    0.42,
    0.43,
    0.42,
    0.4200000734667063,
    0.4200000835200548,
    0.42000001496774636,
    0.4200000835200548,
    0.42000004776473004,
    0.42000004776473004,
    0.42000007060871775,
    0.4200000734667063,
    0.42000009860008186,
    0.42000004776473004,
    0.42,
    0.41000901045577415,
    0.41000002421893267,
    0.410009,
    0.42,
    0.4,
    0.41,
    0.42,
    0.42,
    0.43576937601518684,
    0.41996599549572305,
    0.4199659958357695,
    0.41996599567629217,
    0.4299998279998968,
    0.4100090082715416,
    0.41000910322319345,
    0.41000900474131713,
    0.4100090677137652,
    0.41000908586734636,
    0.4100090677137652,
    0.4100090677137652,
    0.4100090217355336,
    0.4100090708001341,
    0.41018001094624834,
    0.4101800991241908,
    0.41000904259775467,
    0.410009,
    0.4299999790357517,
    0.4200000421818343,
    0.4200001740002958,
    0.42000006214287267,
    0.4200000734667063,
    0.4200000734667063,
    0.4200000386666784,
    0.4200000835200548,
    0.42000001338462023,
    0.42000006214287267,
    0.4200000562424358,
    0.42000000464000087,
    0.43630626475302764,
    0.41979009402794826,
    0.41,
    0.4,
    0.41,
    0.4,
    0.4,
    0.4,
    0.4,
    0.41,
    0.41,
    0.4,
    0.4,
    0.4,
    0.4,
    0.4000000292682984,
    0.4000000521739312,
    0.4000000521739312,
    0.400000060000024,
    0.4000000375000094,
    0.4000000521739312,
    0.4,
    0.4,
    0.41,
    0.41,
    0.41,
    0.41,
    0.41,
    0.41,
    0.41,
    0.41,
    0.41,
    0.41,
    0.41,
    0.41,
    0.41,
    0.41,
    0.41,
    0.41,
    0.41,
    0.41,
    0.41,
    0.41,
    0.41,
    0.41,
    0.41,
    0.41,
    0.41,
    0.41,
    0.41,
    0.41,
    0.41,
    0.41,
    0.41,
    0.41,
    0.41,
    0.41,
    0.41,
    0.41,
    0.41,
    0.41,
    0.41,
    0.41,
    0.41,
    0.41,
    0.41,
    0.41,
    0.41,
    0.41,
    0.41,
    0.41,
    0.41,
    0.41,
    0.41,
    0.41,
    0.41,
    0.41,
    0.41,
    0.41,
    0.41,
    0.41,
    0.41,
    0.41,
    0.41,
    0.41,
    0.41,
    0.41,
    0.41,
    0.41,
    0.41,
    0.41,
    0.41,
    0.41,
    0.41,
    0.41,
    0.41,
    0.41,
    0.41,
    0.41,
    0.41,
    0.41,
    0.41,
    0.41,
    0.41,
    0.41,
    0.41,
    0.41,
    0.41,
    0.41,
    0.41,
    0.41,
    0.41,
    0.41,
    0.41,
    0.41,
    0.41,
    0.41,
    0.41,
    0.41,
    0.41,
    0.41,
    0.41,
    0.41,
    0.41,
    0.41,
    0.41,
    0.41,
    0.41,
    0.41,
    0.41,
    0.41,
    0.41,
    0.41,
    0.41,
    0.41,
    0.41,
    0.41,
    0.41,
    0.41,
    0.41,
    0.41,
    0.41,
    0.41,
    0.41,
    0.41,
    0.41,
    0.41,
    0.41,
    0.41,
    0.41,
    0.41,
    0.41,
    0.41,
    0.41,
    0.41,
    0.41,
    0.41,
    0.41,
    0.41,
    0.41,
    0.41,
    0.41,
    0.41,
    0.41,
    0.41,
    0.41,
    0.41,
    0.41,
    0.41,
    0.41,
    0.41,
    0.41,
    0.41,
    0.41,
    0.41,
    0.41,
    0.41,
    0.41,
    0.41,
    0.41,
    0.41,
    0.41,
    0.41,
    0.41,
    0.41,
    0.41,
    0.41,
    0.41,
    0.41,
    0.41,
    0.41,
    0.41,
    0.41,
    0.41,
    0.41,
    0.41,
    0.41,
    0.41,
    0.41,
    0.41,
    0.41,
    0.41,
    0.41,
    0.41,
    0.41,
    0.41,
    0.41,
    0.41,
    0.41,
    0.41,
    0.41,
    0.41,
    0.41,
    0.41,
    0.41,
    0.41,
    0.41,
    0.41,
    0.41,
    0.41,
    0.41,
    0.41,
    0.41,
    0.41,
    0.41,
    0.41,
    0.41,
    0.41,
    0.41,
    0.41,
    0.41,
    0.41,
    0.41,
    0.41,
    0.41,
    0.41,
    0.41,
    0.41,
    0.41,
    0.41,
    0.41,
    0.41,
    0.41,
    0.41,
    0.41,
    0.41,
    0.41,
    0.41,
    0.41,
    0.41,
    0.41,
    0.41,
    0.41,
    0.41,
    0.41,
    0.41,
    0.41,
    0.41,
    0.41,
    0.41,
    0.41,
    0.41,
    0.41,
    0.41,
    0.41,
    0.41,
    0.41,
    0.41,
    0.41,
    0.41,
    0.41,
    0.41,
    0.41,
    0.41,
    0.41,
    0.41,
    0.41,
    0.41,
    0.41,
    0.41,
    0.41,
    0.41,
    0.41,
    0.41,
    0.41,
    0.41,
    0.41,
    0.41,
    0.41,
    0.41,
    0.41,
    0.41,
    0.41,
    0.41,
    0.41,
    0.41,
    0.41,
    0.41,
    0.41,
    0.41,
    0.41,
    0.41,
    0.41,
    0.41,
    0.41,
    0.41,
    0.41,
    0.41,
    0.41,
    0.41,
    0.41,
    0.41,
    0.41,
    0.41,
    0.41,
    0.41,
    0.41,
    0.41,
    0.41,
    0.41,
    0.41,
    0.41,
    0.41,
    0.41,
    0.41,
    0.41,
    0.41,
    0.41,
    0.41,
    0.41,
    0.41,
    0.41,
    0.41,
    0.41,
    0.41,
    0.41,
    0.41,
    0.41,
    0.41,
    0.41,
    0.41,
    0.41,
    0.41,
    0.41,
    0.41,
    0.41,
    0.41,
    0.41,
    0.41,
    0.41,
    0.41,
    0.41,
    0.41,
    0.41,
    0.41,
    0.41,
    0.41,
    0.41,
    0.41,
    0.41,
    0.41,
    0.41,
    0.41,
    0.41,
    0.41,
    0.41,
    0.41,
    0.41,
    0.41,
    0.41,
    0.41,
    0.41,
    0.41,
    0.41,
    0.41,
    0.41,
    0.41,
    0.41,
    0.41,
    0.41,
    0.41,
    0.41,
    0.41,
    0.41,
    0.41,
    0.41,
    0.41,
    0.41,
    0.41,
    0.41,
    0.41,
    0.41,
    0.41,
    0.41,
    0.41,
    0.41,
    0.41,
    0.41,
    0.41,
    0.41,
    0.41,
    0.41,
    0.41,
    0.41,
    0.41,
    0.41,
    0.41,
    0.41,
    0.41,
    0.41,
    0.41,
    0.41,
    0.41,
    0.41,
    0.41,
    0.41,
    0.41,
    0.41,
    0.41,
    0.41,
    0.41,
    0.41,
    0.41,
    0.41,
    0.41,
    0.41,
    0.41,
    0.41,
    0.41,
    0.41,
    0.41,
    0.41,
    0.41,
    0.41,
    0.41,
    0.41,
    0.41,
    0.41,
    0.41,
    0.41,
    0.41,
    0.41,
    0.41,
    0.41,
    0.41,
    0.41,
    0.41,
    0.41,
    0.41,
    0.41,
    0.41,
    0.41,
    0.41,
    0.41,
    0.41,
    0.41,
    0.41,
    0.41,
    0.41,
    0.41,
    0.41,
    0.41,
    0.41,
    0.41,
    0.41,
    0.41,
    0.41,
    0.41,
    0.41,
    0.41,
    0.41,
    0.41,
    0.41,
    0.41,
    0.41,
    0.41,
    0.41,
    0.41,
    0.41,
    0.41,
    0.41,
    0.41,
    0.41,
    0.41,
    0.41,
    0.41,
    0.41,
    0.41,
    0.41,
    0.41,
    0.41,
    0.41,
    0.41,
    0.41,
    0.41,
    0.41,
    0.41,
    0.41,
    0.41,
    0.41,
    0.41,
    0.41,
    0.41,
    0.41,
    0.41,
    0.41,
    0.41,
    0.41,
    0.41,
    0.41,
    0.41,
    0.41,
    0.41,
    0.41,
    0.41,
    0.41,
    0.41,
    0.41,
    0.41,
    0.41,
    0.41,
    0.41,
    0.41,
    0.41,
    0.41,
    0.41,
    0.41,
    0.41,
    0.41,
    0.41,
    0.41,
    0.41,
    0.41,
    0.41,
    0.41,
    0.41,
    0.41,
    0.41,
    0.41,
    0.41,
    0.41,
    0.41,
    0.41,
    0.41,
    0.41,
    0.41,
    0.41,
    0.41,
    0.41,
    0.41,
    0.41,
    0.41,
    0.41,
    0.41,
    0.41,
    0.41,
    0.41,
    0.41,
    0.41,
    0.41,
    0.41,
    0.41,
    0.41,
    0.41,
    0.41,
    0.41,
    0.41,
    0.41,
    0.41,
    0.41,
    0.41,
    0.41,
    0.41,
    0.41,
    0.41,
    0.41,
    0.41,
    0.41,
    0.41,
    0.41,
    0.41,
    0.41,
    0.41,
    0.41,
    0.41,
    0.41,
    0.41,
    0.41,
    0.41,
    0.41,
    0.41,
    0.41,
    0.41,
    0.41,
    0.41,
    0.41,
    0.41,
    0.41,
    0.41,
    0.41,
    0.41,
    0.41,
    0.41,
    0.41,
    0.41,
    0.41,
    0.41,
    0.41,
    0.41,
    0.41,
    0.41,
    0.41,
    0.41,
    0.41,
    0.41,
    0.41,
    0.41,
    0.41,
    0.41,
    0.41,
    0.41,
    0.41,
    0.41,
    0.41,
    0.41,
    0.41,
    0.41,
    0.41,
    0.41,
    0.41,
    0.41,
    0.41,
    0.41,
    0.41,
    0.41,
    0.41,
    0.41,
    0.41,
    0.41,
    0.41,
    0.41,
    0.41,
    0.41,
    0.41,
    0.41,
    0.41,
    0.41,
    0.41,
    0.41,
    0.41,
    0.41,
    0.41,
    0.41,
    0.41,
    0.41,
    0.41,
    0.41,
    0.41,
    0.41,
    0.41,
    0.41,
    0.41,
    0.41,
    0.41,
    0.41,
    0.41,
    0.41,
    0.41,
    0.41,
    0.41,
    0.41,
    0.41,
    0.41,
    0.41,
    0.41,
    0.41,
    0.41,
    0.41,
    0.41,
    0.41,
    0.41,
    0.41,
    0.41,
    0.41,
    0.41,
    0.41,
    0.41,
    0.41,
    0.41,
    0.41,
    0.41,
    0.41,
    0.41,
    0.41,
    0.41,
    0.41,
    0.41,
    0.41,
    0.41,
    0.41,
    0.41,
    0.41,
    0.41,
    0.41,
    0.41,
    0.41,
    0.41,
    0.41,
    0.41,
    0.41,
    0.41,
    0.41,
    0.41,
    0.41,
    0.41,
    0.41,
    0.41,
    0.41,
    0.41,
    0.41,
    0.41,
    0.41,
    0.41,
    0.41,
    0.41,
    0.41,
    0.41,
    0.41,
    0.41,
    0.41,
    0.41,
    0.41,
    0.41,
    0.41,
    0.41,
    0.41,
    0.41,
    0.41,
    0.41,
    0.41,
    0.41,
    0.41,
    0.41,
    0.41,
    0.41,
    0.41,
    0.41,
    0.41,
    0.41,
    0.41,
    0.41,
    0.41,
    0.41,
    0.41,
    0.41,
    0.41,
    0.41,
    0.41,
    0.41,
    0.41,
    0.41,
    0.41,
    0.41,
    0.41,
    0.41,
    0.41,
    0.41,
    0.41,
    0.41,
    0.41,
    0.41,
    0.41,
    0.41,
    0.41,
    0.41,
    0.41,
    0.41,
    0.41,
    0.41,
    0.41,
    0.41,
    0.41,
    0.41,
    0.41,
    0.41,
    0.41,
    0.41,
    0.41,
    0.41,
    0.41,
    0.41,
    0.41,
    0.41,
    0.41,
    0.41,
    0.41,
    0.41,
    0.41,
    0.41,
    0.41,
    0.41,
    0.41,
    0.41,
    0.41,
    0.41,
    0.41,
    0.41,
    0.41,
    0.41,
    0.41,
    0.41,
    0.41,
    0.41,
    0.41,
    0.41,
    0.41,
    0.41,
    0.41,
    0.41,
    0.41,
    0.41,
    0.41,
    0.41,
    0.41,
    0.4,
    0.4000000342857221,
    0.4,
    0.41,
    0.4,
    0.4,
    0.4,
    0.41,
    0.41,
    0.41,
    0.41,
    0.41000011800013375,
    0.41,
    0.41,
    0.41000026119056465,
    0.41,
    0.41000008428576246,
    0.41,
    0.41,
    0.41,
    0.41,
    0.41,
    0.41000024923774786,
    0.41,
    0.41,
    0.4100000745263848,
    0.41,
    0.41,
    0.41,
    0.41,
    0.41,
    0.41,
    0.41000006268753253,
    0.41,
    0.41,
    0.41,
    0.41000527055516517,
    0.4100000432463393,
    0.41,
    0.41,
    0.41,
    0.41,
    0.41,
    0.41,
    0.41,
    0.41,
    0.41,
    0.41,
    0.41,
    0.41,
    0.41,
    0.41,
    0.41,
    0.41,
    0.41,
    0.41,
    0.41,
    0.41,
    0.41,
    0.41,
    0.41,
    0.41,
    0.41,
    0.41,
    0.41,
    0.41,
    0.41,
    0.41,
    0.41,
    0.41,
    0.41,
    0.41,
    0.41,
    0.41,
    0.41,
    0.41,
    0.41,
    0.41,
    0.41,
    0.41,
    0.41,
    0.41,
    0.41,
    0.41,
    0.41,
    0.41,
    0.41,
    0.41,
    0.41,
    0.41,
    0.41,
    0.41,
    0.41,
    0.41,
    0.41,
    0.41,
    0.41,
    0.41,
    0.41,
    0.41,
    0.41,
    0.41,
    0.41,
    0.41,
    0.41,
    0.41,
    0.41,
    0.41,
    0.41,
    0.41,
    0.41,
    0.41,
    0.41,
    0.41,
    0.41,
    0.41,
    0.41,
    0.41,
    0.41,
    0.41,
    0.41,
    0.41,
    0.41,
    0.41,
    0.41,
    0.41,
    0.41,
    0.41,
    0.41,
    0.41,
    0.41,
    0.41,
    0.41,
    0.41,
    0.41,
    0.41,
    0.41,
    0.41,
    0.41,
    0.41,
    0.41,
    0.41,
    0.41,
    0.41,
    0.41,
    0.41,
    0.41,
    0.41,
    0.41,
    0.41,
    0.41,
    0.41,
    0.41,
    0.41,
    0.41,
    0.41,
    0.41,
    0.41,
    0.41,
    0.41,
    0.41,
    0.41,
    0.41,
    0.41,
    0.41,
    0.41,
    0.41,
    0.41,
    0.41,
    0.41,
    0.41,
    0.41,
    0.41,
    0.41,
    0.41,
    0.41,
    0.41,
    0.41,
    0.41,
    0.41,
    0.41,
    0.41,
    0.41,
    0.41,
    0.41,
    0.41,
    0.41,
    0.41,
    0.41,
    0.41,
    0.41,
    0.41,
    0.41,
    0.41,
    0.41,
    0.41,
    0.41,
    0.41,
    0.41,
    0.41,
    0.41,
    0.41,
    0.41,
    0.41,
    0.41,
    0.41,
    0.41,
    0.41,
    0.41,
    0.41,
    0.41,
    0.41,
    0.41,
    0.41,
    0.41,
    0.41,
    0.41,
    0.41,
    0.41,
    0.41,
    0.41,
    0.41,
    0.41,
    0.41,
    0.41,
    0.41,
    0.41,
    0.41,
    0.41,
    0.41,
    0.41,
    0.41,
    0.41,
    0.41,
    0.41,
    0.41,
    0.41,
    0.41,
    0.41,
    0.41,
    0.41,
    0.41,
    0.41,
    0.41,
    0.41,
    0.41,
    0.41,
    0.41,
    0.41,
    0.41,
    0.41,
    0.41,
    0.41,
    0.41,
    0.41,
    0.41,
    0.41,
    0.41,
    0.41,
    0.41,
    0.41,
    0.41,
    0.41,
    0.41,
    0.41,
    0.41,
    0.41,
    0.41,
    0.41,
    0.41,
    0.41,
    0.41,
    0.41,
    0.41,
    0.41,
    0.41,
    0.41,
    0.41,
    0.41,
    0.41,
    0.41,
    0.41,
    0.41,
    0.41,
    0.41,
    0.41,
    0.41,
    0.41,
    0.41,
    0.41,
    0.41,
    0.41,
    0.41,
    0.41,
    0.41,
    0.41,
    0.41,
    0.41,
    0.41,
    0.41,
    0.41,
    0.41,
    0.41,
    0.41,
    0.41,
    0.41,
    0.41,
    0.41,
    0.41,
    0.41,
    0.41,
    0.41,
    0.41,
    0.41,
    0.41,
    0.41,
    0.41,
    0.41,
    0.41,
    0.41,
    0.41,
    0.41,
    0.41,
    0.41,
    0.41,
    0.41,
    0.41,
    0.41,
    0.41,
    0.41,
    0.41,
    0.41,
    0.41,
    0.41,
    0.41,
    0.41,
    0.41,
    0.41,
    0.41,
    0.41,
    0.41,
    0.41,
    0.41,
    0.41,
    0.41,
    0.41,
    0.41,
    0.41,
    0.41,
    0.41,
    0.41,
    0.41,
    0.41,
    0.41,
    0.41,
    0.41,
    0.41,
    0.41,
    0.41,
    0.41,
    0.41,
    0.41,
    0.41,
    0.41,
    0.41,
    0.41,
    0.41,
    0.41,
    0.41,
    0.41,
    0.41,
    0.41,
    0.41,
    0.41,
    0.41,
    0.41,
    0.41,
    0.41,
    0.41,
    0.41,
    0.41,
    0.41,
    0.41,
    0.41,
    0.41,
    0.41,
    0.41,
    0.41,
    0.41,
    0.41,
    0.41,
    0.41,
    0.41,
    0.41,
    0.41,
    0.41,
    0.41,
    0.41,
    0.41,
    0.41,
    0.41,
    0.41,
    0.41,
    0.41,
    0.41,
    0.41,
    0.41,
    0.41,
    0.41,
    0.41,
    0.41,
    0.41,
    0.41,
    0.41,
    0.41,
    0.41,
    0.41,
    0.41,
    0.41,
    0.41,
    0.41,
    0.41,
    0.41,
    0.41,
    0.41,
    0.41,
    0.41,
    0.41,
    0.41,
    0.41,
    0.41,
    0.41,
    0.41,
    0.41,
    0.41,
    0.41,
    0.41,
    0.41,
    0.41,
    0.41,
    0.41,
    0.41,
    0.41,
    0.41,
    0.41,
    0.41,
    0.41,
    0.41,
    0.41,
    0.41,
    0.41,
    0.41,
    0.41,
    0.41,
    0.41,
    0.41,
    0.41,
    0.41,
    0.41,
    0.41,
    0.41,
    0.41,
    0.41,
    0.41,
    0.41,
    0.41,
    0.41,
    0.41,
    0.41,
    0.41,
    0.41,
    0.41,
    0.41,
    0.41,
    0.41,
    0.41,
    0.41,
    0.41,
    0.41,
    0.41,
    0.41,
    0.41,
    0.41,
    0.41,
    0.41,
    0.41,
    0.41,
    0.41,
    0.41,
    0.41,
    0.41,
    0.41,
    0.41,
    0.41,
    0.41,
    0.41,
    0.41,
    0.41,
    0.41,
    0.41,
    0.41,
    0.41,
    0.41,
    0.41,
    0.41,
    0.41,
    0.41,
    0.41,
    0.41,
    0.41,
    0.41,
    0.41,
    0.41,
    0.41,
    0.41,
    0.41,
    0.41,
    0.41,
    0.41,
    0.41,
    0.41,
    0.41,
    0.41,
    0.41,
    0.41,
    0.41,
    0.41,
    0.41,
    0.41,
    0.41,
    0.41,
    0.41,
    0.41,
    0.41,
    0.41,
    0.41,
    0.41,
    0.41,
    0.41,
    0.41,
    0.41,
    0.41,
    0.41,
    0.41,
    0.41,
    0.41,
    0.41,
    0.41,
    0.41,
    0.41,
    0.41,
    0.41,
    0.41,
    0.41,
    0.41,
    0.41,
    0.41,
    0.41,
    0.41,
    0.41,
    0.41,
    0.41,
    0.41,
    0.41,
    0.41,
    0.41,
    0.41,
    0.41,
    0.41,
    0.41,
    0.41,
    0.41,
    0.41,
    0.41,
    0.41,
    0.41,
    0.41,
    0.41,
    0.41,
    0.41,
    0.41,
    0.41,
    0.41,
    0.41,
    0.41,
    0.41,
    0.41,
    0.41,
    0.41,
    0.41,
    0.41,
    0.41,
    0.41,
    0.41,
    0.41,
    0.41,
    0.41,
    0.41,
    0.41,
    0.41,
    0.41,
    0.41,
    0.41,
    0.41,
    0.41,
    0.41,
    0.41,
    0.41,
    0.41,
    0.41,
    0.41,
    0.41,
    0.41,
    0.41,
    0.41,
    0.41,
    0.41,
    0.41,
    0.41,
    0.41,
    0.41,
    0.41,
    0.41,
    0.41,
    0.41,
    0.41,
    0.41,
    0.41,
    0.41,
    0.41,
    0.41,
    0.41,
    0.41,
    0.41,
    0.41,
    0.41,
    0.41,
    0.41,
    0.41,
    0.41,
    0.41,
    0.41,
    0.41,
    0.41,
    0.41,
    0.41,
    0.41,
    0.41,
    0.41,
    0.41,
    0.41,
    0.41,
    0.41,
    0.41,
    0.41,
    0.41,
    0.41,
    0.41,
    0.41,
    0.41,
    0.41,
    0.41,
    0.41,
    0.41,
    0.41,
    0.41,
    0.41,
    0.41,
    0.41,
    0.41,
    0.41,
    0.41,
    0.41,
    0.41,
    0.41,
    0.41,
    0.41,
    0.41,
    0.41,
    0.41,
    0.41,
    0.41,
    0.41,
    0.41,
    0.41,
    0.41,
    0.41,
    0.41,
    0.41,
    0.41,
    0.41,
    0.41,
    0.41,
    0.41,
    0.41,
    0.41,
    0.41,
    0.41,
    0.41,
    0.41,
    0.41,
    0.41,
    0.41,
    0.41,
    0.41,
    0.41,
    0.41,
    0.41,
    0.41,
    0.41,
    0.41,
    0.41,
    0.41,
    0.41,
    0.41,
    0.41,
    0.41,
    0.41,
    0.41,
    0.41,
    0.41,
    0.41,
    0.41,
    0.41,
    0.41,
    0.41,
    0.41,
    0.41,
    0.41,
    0.41,
    0.41,
    0.41,
    0.41,
    0.41,
    0.41,
    0.41,
    0.41,
    0.41,
    0.41,
    0.41,
    0.41,
    0.41,
    0.41,
    0.41,
    0.41,
    0.41,
    0.41,
    0.41,
    0.41,
    0.41,
    0.41,
    0.41,
    0.41,
    0.41,
    0.41,
    0.41,
    0.41,
    0.41,
    0.41,
    0.41,
    0.41,
    0.41,
    0.41,
    0.41,
    0.41,
    0.41,
    0.41,
    0.41,
    0.41,
    0.41,
    0.41,
    0.41,
    0.41,
    0.41,
    0.41,
    0.41,
    0.41,
    0.41,
    0.41,
    0.41,
    0.41,
    0.41,
    0.41,
    0.41,
    0.41,
    0.41,
    0.41,
    0.41,
    0.41,
    0.41,
    0.41,
    0.41,
    0.41,
    0.41,
    0.41,
    0.41,
    0.41,
    0.41,
    0.41,
    0.41,
    0.41,
    0.41,
    0.41,
    0.41,
    0.41,
    0.41,
    0.41,
    0.41,
    0.41,
    0.41,
    0.41,
    0.42,
    0.41,
    0.41,
    0.41,
    0.41,
    0.41,
    0.41,
    0.41,
    0.41,
    0.41,
    0.41,
    0.41,
    0.41,
    0.41,
    0.41,
    0.41,
    0.41,
    0.41,
    0.41,
    0.41,
    0.41,
    0.41,
    0.41,
    0.41,
    0.41,
    0.41,
    0.41,
    0.41,
    0.41,
    0.41,
    0.41,
    0.41,
    0.41,
    0.41,
    0.41,
    0.41,
    0.41,
    0.41,
    0.41,
    0.41,
    0.41,
    0.41,
    0.41,
    0.41,
    0.41,
    0.41,
    0.41,
    0.41,
    0.41,
    0.41,
    0.41,
    0.41,
    0.41,
    0.41,
    0.41,
    0.41,
    0.41,
    0.41,
    0.41,
    0.41,
    0.41,
    0.41,
    0.41,
    0.41,
    0.41,
    0.41,
    0.41,
    0.41,
    0.41,
    0.41,
    0.41,
    0.41,
    0.41,
    0.41,
    0.41,
    0.41,
    0.41,
    0.41,
    0.41,
    0.41,
    0.41,
    0.41,
    0.41,
    0.41,
    0.41,
    0.41,
    0.41,
    0.41,
    0.41,
    0.41,
    0.41,
    0.41,
    0.41,
    0.41,
    0.41,
    0.41,
    0.41,
    0.41,
    0.41,
    0.41,
    0.41,
    0.41,
    0.41,
    0.41,
    0.41,
    0.41,
    0.41,
    0.41,
    0.41,
    0.41,
    0.41,
    0.41,
    0.41,
    0.41,
    0.41,
    0.41,
    0.41,
    0.41,
    0.41,
    0.41,
    0.41,
    0.41,
    0.41,
    0.41,
    0.41,
    0.41,
    0.41,
    0.41,
    0.41,
    0.41,
    0.41,
    0.41,
    0.41,
    0.41,
    0.41,
    0.41,
    0.41,
    0.41,
    0.41,
    0.41,
    0.41,
    0.41,
    0.41,
    0.41,
    0.41,
    0.41,
    0.41,
    0.41,
    0.41,
    0.41,
    0.41,
    0.41,
    0.41,
    0.41,
    0.41,
    0.41,
    0.41,
    0.41,
    0.41,
    0.41,
    0.41,
    0.41,
    0.41,
    0.41,
    0.41,
    0.41,
    0.41,
    0.41,
    0.41,
    0.41,
    0.41,
    0.41,
    0.41,
    0.41,
    0.41,
    0.41,
    0.41,
    0.41,
    0.41,
    0.41,
    0.41,
    0.41,
    0.41,
    0.41,
    0.41,
    0.41,
    0.41,
    0.41,
    0.41,
    0.41,
    0.41,
    0.41,
    0.41,
    0.41,
    0.41,
    0.41,
    0.41,
    0.41,
    0.41,
    0.41,
    0.41,
    0.41,
    0.41,
    0.41,
    0.41,
    0.41,
    0.41,
    0.41,
    0.41,
    0.41,
    0.41,
    0.41,
    0.41,
    0.41,
    0.41,
    0.41,
    0.41,
    0.41,
    0.41,
    0.41,
    0.41,
    0.41,
    0.41,
    0.41,
    0.41,
    0.41,
    0.41,
    0.41,
    0.41,
    0.41,
    0.41,
    0.41,
    0.41,
    0.41,
    0.41,
    0.41,
    0.41,
    0.41,
    0.41,
    0.41,
    0.41,
    0.41,
    0.41,
    0.41,
    0.41,
    0.41,
    0.41,
    0.41,
    0.41,
    0.41,
    0.41,
    0.41,
    0.41,
    0.41,
    0.41,
    0.41,
    0.41,
    0.41,
    0.41,
    0.41,
    0.41,
    0.41,
    0.41,
    0.41,
    0.41,
    0.41,
    0.41,
    0.41,
    0.41,
    0.41,
    0.41,
    0.41,
    0.41,
    0.41,
    0.41,
    0.41,
    0.41,
    0.41,
    0.41,
    0.41,
    0.41,
    0.41,
    0.41,
    0.41,
    0.41,
    0.41,
    0.41,
    0.41,
    0.41,
    0.41,
    0.41,
    0.41,
    0.41,
    0.41,
    0.41,
    0.41,
    0.41,
    0.41,
    0.41,
    0.41,
    0.41,
    0.41,
    0.41,
    0.41,
    0.41,
    0.41,
    0.41,
    0.41,
    0.41,
    0.41,
    0.41,
    0.41,
    0.41,
    0.41,
    0.41,
    0.41,
    0.41,
    0.41,
    0.41,
    0.41,
    0.41,
    0.41,
    0.41,
    0.41,
    0.41,
    0.41,
    0.41,
    0.41,
    0.41,
    0.41,
    0.41,
    0.41,
    0.41,
    0.41,
    0.41,
    0.41,
    0.41,
    0.41,
    0.41,
    0.41,
    0.41,
    0.41,
    0.41,
    0.41,
    0.41,
    0.41,
    0.41,
    0.41,
    0.41,
    0.41,
    0.41,
    0.41,
    0.41,
    0.41,
    0.41,
    0.41,
    0.41,
    0.41,
    0.41,
    0.41,
    0.41,
    0.41,
    0.41,
    0.41,
    0.41,
    0.41,
    0.41,
    0.41,
    0.41,
    0.41,
    0.41,
    0.41,
    0.41,
    0.41,
    0.41,
    0.41,
    0.41,
    0.41,
    0.41,
    0.41,
    0.41,
    0.41,
    0.41,
    0.41,
    0.41,
    0.41,
    0.41,
    0.41,
    0.41,
    0.41,
    0.41,
    0.41,
    0.41,
    0.41,
    0.41,
    0.41,
    0.41,
    0.41,
    0.41,
    0.41,
    0.41,
    0.4,
    0.4,
    0.4,
    0.40000004137932177,
    0.4000000857143347,
    0.4,
    0.4,
    0.4,
    0.4,
    0.4,
    0.41000000509719325,
    0.4100000220439601,
    0.41000000509719325,
    0.41000000509719325,
    0.41000000509719325,
    0.41000000509719325,
    0.41000000509719325,
    0.41000000509719325,
    0.4100000220439601,
    0.4100000220439601,
    0.4100000220439601,
    0.41000006089124,
    0.41,
    0.4100000220439601,
    0.4100000220439601,
    0.4100000220439601,
    0.4100000220439601,
    0.4100000220439601,
    0.4100000220439601,
    0.4100000220439601,
    0.4100000220439601,
    0.4100000220439601,
    0.4100000220439601,
    0.4100000220439601,
    0.4100000220439601,
    0.4100000220439601,
    0.4100000220439601,
    0.4100000220439601,
    0.4100000220439601,
    0.4100000220439601,
    0.4100000220439601,
    0.4100000220439601,
    0.41,
    0.41000006990525373,
    0.42000001019780425,
    0.42,
    0.41000005609597073,
    0.42000001019780425,
    0.42000001019780425,
    0.42000001019780425,
    0.42000001019780425,
    0.41,
    0.4100000820517573,
    0.42000001019780425,
    0.42000001019780425,
    0.4100000220439601,
    0.4100000220439601,
    0.42000001019780425,
    0.42000001019780425,
    0.42000001019780425,
    0.42000001019780425,
    0.42000001019780425,
    0.42000001019780425,
    0.4200000300207218,
    0.42,
    0.42000001019780425,
    0.42000001019780425,
    0.42000001019780425,
    0.43000006225038706,
    0.43,
    0.42000001019780425,
    0.43000006191999757,
    0.43,
    0.43,
    0.43000006181064576,
    0.42000001019780425,
    0.43,
    0.43000006126962925,
    0.42000001019780425,
    0.42000001019780425,
    0.43,
    0.43000006084358766,
    0.43,
    0.43000006202973706,
    0.43,
    0.43000006094954163,
    0.43,
    0.4300000607380014,
    0.43,
    0.4300000623613018,
    0.4300000617016794,
    0.43,
    0.4300000621398662,
    0.43,
    0.43000006116256045,
    0.43,
    0.43,
    0.43000006105586525,
    0.42000001019780425,
    0.4200000690173617,
    0.43,
    0.43000006148489534,
    0.43,
    0.43,
    0.43000006159309667,
    0.42000001019780425,
    0.4300000613770736,
    0.43,
    0.4300000598039626,
    0.43,
    0.43,
    0.4300000603192959,
    0.43000006052792455,
    0.43,
    0.43,
    0.4300000594989677,
    0.43,
    0.430000060632781,
    0.4300000599063236,
    0.43,
    0.43,
    0.4300000596002864,
    0.43,
    0.43000006042343014,
    0.43,
    0.4300000600090356,
    0.43000006011210046,
    0.43,
    0.4300000597019508,
    0.43,
    0.43,
    0.43000006021551995,
    0.43000005939799285,
    0.43,
    0.43,
    0.43000005870065267,
    0.43,
    0.4300000592973602,
    0.4300000590971143,
    0.43,
    0.43000005899749766,
    0.43,
    0.43,
    0.4300000591970679,
    0.43000005879926856,
    0.43,
    0.430000058602367,
    0.43,
    0.43,
    0.4300000588982163,
    0.430000058309475,
    0.43,
    0.43,
    0.43000005850441,
    0.4300000581158348,
    0.43,
    0.43,
    0.43000005754255477,
    0.43000005840677985,
    0.43,
    0.4300000582124939,
    0.43,
    0.43000005763731475,
    0.43,
    0.43,
    0.4300000577323873,
    0.430000057827774,
    0.43,
    0.43,
    0.4300000580194962,
    0.43000005792347645,
    0.43,
    0.4300000568878602,
    0.43,
    0.43,
    0.43000005716661044,
    0.43,
    0.4300000567955466,
    0.43,
    0.43000005735396657,
    0.4300000567035321,
    0.43,
    0.43,
    0.43000005698047444,
    0.43,
    0.4300000574481059,
    0.43000005661181523,
    0.43,
    0.4300000570733907,
    0.43,
    0.43000005726013524,
    0.43,
    0.43000005571070543,
    0.43,
    0.43,
    0.43000005597801183,
    0.43,
    0.43000005588862517,
    0.4300000557995235,
    0.43,
    0.43000005633843624,
    0.43,
    0.43000005606768493,
    0.43,
    0.43,
    0.4300000562478957,
    0.43,
    0.43000005642926875,
    0.43000005615764575,
    0.43,
    0.43,
    0.4300000565203946,
    0.43000005501021227,
    0.43,
    0.43,
    0.43000005492388726,
    0.43,
    0.43000005544593983,
    0.43000005553391496,
    0.43,
    0.43,
    0.4300000552708231,
    0.43,
    0.43000005562216975,
    0.4300000551836789,
    0.43,
    0.430000055358243,
    0.43,
    0.43,
    0.43000005509680905,
    0.43000005483783277,
    0.43,
    0.43,
    0.4300000545812797,
    0.43,
    0.43000005432711597,
    0.43000005475204756,
    0.43,
    0.43,
    0.4300000539918904,
    0.43,
    0.43000005415898446,
    0.43,
    0.43000005449629464,
    0.43,
    0.4300000537431737,
    0.4300000540753084,
    0.43,
    0.4300000544115738,
    0.43,
    0.4300000542429199,
    0.43,
    0.43000005466653024,
    0.43,
    0.43000005325255175,
    0.43,
    0.43,
    0.43000005333369906,
    0.43,
    0.43000005349673787,
    0.43,
    0.43000005382582424,
    0.43,
    0.4300000536607765,
    0.43,
    0.4300000530909957,
    0.43000005357863164,
    0.43,
    0.43000005341509406,
    0.43,
    0.430000053171651,
    0.43,
    0.4300000539087294,
    0.43,
    0.43,
    0.4300000526913619,
    0.4300000523759606,
    0.43,
    0.43,
    0.43000005229769944,
    0.4300000527708066,
    0.43,
    0.43,
    0.43000005293041693,
    0.4300000530105847,
    0.43,
    0.43,
    0.43000005253318785,
    0.43,
    0.43000005285049125,
    0.43000005245445644,
    0.43,
    0.43,
    0.43000005261215596,
    0.43000005160373345,
    0.43,
    0.43,
    0.4300000520643128,
    0.43,
    0.430000051833,
    0.43,
    0.43000005221967175,
    0.43000005214187653,
    0.43,
    0.4300000517563518,
    0.43,
    0.43,
    0.43000005152776133,
    0.43000005190987556,
    0.43,
    0.4300000519869795,
    0.43,
    0.43,
    0.43000005167992994,
    0.43000005056009755,
    0.43,
    0.43000005145201253,
    0.43,
    0.4300000507801647,
    0.43,
    0.4300000509279435,
    0.43,
    0.43,
    0.43000005137648617,
    0.4300000513011812,
    0.43,
    0.43000005107658495,
    0.43,
    0.43000005122609664,
    0.43,
    0.4300000508539467,
    0.43,
    0.43,
    0.4300000511512315,
    0.43,
    0.43000005100215594,
    0.43000005026962473,
    0.43,
    0.43,
    0.4300000501975273,
    0.43,
    0.43000005034192956,
    0.4300000504144427,
    0.43,
    0.43,
    0.4300000507065964,
    0.43,
    0.43000005048716505,
    0.43000005063324104,
    0.43,
    0.43,
    0.4300000501256363,
    0.43,
    0.43,
    0.43,
    0.43,
    0.43,
    0.43,
    0.43,
    0.43,
    0.43,
    0.43,
    0.43,
    0.43,
    0.43,
    0.43,
    0.43,
    0.43,
    0.43,
    0.43,
    0.43,
    0.43,
    0.43,
    0.43,
    0.43,
    0.43,
    0.43,
    0.43,
    0.43,
    0.43,
    0.43,
    0.43,
    0.43,
    0.43,
    0.43,
    0.43,
    0.43,
    0.43,
    0.43,
    0.43,
    0.43,
    0.43,
    0.43,
    0.43,
    0.43,
    0.43,
    0.43,
    0.43,
    0.43,
    0.43,
    0.43,
    0.43,
    0.43,
    0.43,
    0.43,
    0.43,
    0.43,
    0.43,
    0.43,
    0.43,
    0.43,
    0.43,
    0.43,
    0.43,
    0.43,
    0.42000001019780425,
    0.430000114661805,
    0.43,
    0.43,
    0.43000011503867763,
    0.43,
    0.4300001154180359,
    0.43,
    0.42000001355616046,
    0.43000011618430817,
    0.43,
    0.43,
    0.4300001142873936,
    0.43,
    0.4300001157999044,
    0.43,
    0.430000112451425,
    0.43,
    0.4300001113778877,
    0.43000011209128713,
    0.43,
    0.43,
    0.43000011067351157,
    0.43,
    0.43000011317868814,
    0.43,
    0.4300001117334487,
    0.4300001128138845,
    0.43,
    0.43,
    0.43000011354585876,
    0.4300001139154194,
    0.43,
    0.4300001110245824,
    0.43,
    0.43,
    0.43000011032465396,
    0.430000106627509,
    0.43,
    0.4300001086128433,
    0.43,
    0.43000010761102,
    0.43,
    0.4300001096334952,
    0.43,
    0.43,
    0.43000010827683605,
    0.43000010695334234,
    0.43,
    0.43,
    0.4300001099779887,
    0.43,
    0.430000105981762,
    0.43000010630365487,
    0.43,
    0.43,
    0.4300001092911532,
    0.43,
    0.4300001089509425,
    0.43,
    0.4300001072811732,
    0.4300001079429013,
    0.43,
    0.43,
    0.43000010226577123,
    0.43,
    0.4300001047134516,
    0.43000010566181274,
    0.43,
    0.4300001050276748,
    0.43,
    0.4300001044011031,
    0.43,
    0.43,
    0.4300001028669005,
    0.43000010137713596,
    0.43,
    0.43,
    0.4300001016716268,
    0.43000010256545507,
    0.43,
    0.43,
    0.4300001031701231,
    0.430000103781963,
    0.43,
    0.43,
    0.43000010534378946,
    0.43000010409061235,
    0.43,
    0.4300001034751386,
    0.43,
    0.4300001019678335,
    0.43,
    0.43000010021603713,
    0.43,
    0.43,
    0.4300000979718429,
    0.43,
    0.4300000993625185,
    0.4300000990812339,
    0.43,
    0.43000009769836606,
    0.43,
    0.43,
    0.4300000985234155,
    0.43,
    0.43000009880153733,
    0.43000009824685503,
    0.43,
    0.4300000999299063,
    0.43,
    0.43000010050381127,
    0.43,
    0.43,
    0.4300001010843462,
    0.4300001007932428,
    0.43,
    0.43,
    0.4300000996454047,
    0.43,
    0.4300000955643141,
    0.43,
    0.43000009478788503,
    0.43,
    0.43000009715596726,
    0.43000009742641176,
    0.43,
    0.4300000950452891,
    0.43,
    0.43000009582595816,
    0.43,
    0.43,
    0.43000009453187144,
    0.43000009608903883,
    0.43,
    0.43000009530409494,
    0.43,
    0.43,
    0.43000009688702007,
    0.43000009635356806,
    0.43,
    0.43,
    0.43000009661955774,
    0.43,
    0.4300000940239707,
    0.43000009253249544,
    0.43,
    0.430000094277237,
    0.43,
    0.43000009377206155,
    0.43,
    0.43,
    0.43000009277778,
    0.4300000930243684,
    0.43,
    0.43000009327227107,
    0.43,
    0.43,
    0.4300000935214986,
    0.4300000913252732,
    0.43,
    0.43000009180436227,
    0.43,
    0.43,
    0.4300000922885044,
    0.43000009085115853,
    0.43,
    0.43000009204579676,
    0.43,
    0.43,
    0.43000009061594247,
    0.4300000899175456,
    0.43,
    0.43000009038194115,
    0.43,
    0.43,
    0.43000009156419106,
    0.43,
    0.43000009108759896,
    0.43,
    0.4300000901491453,
    0.43000008922983185,
    0.43,
    0.4300000883290788,
    0.43,
    0.43,
    0.43000008900292563,
    0.4300000878854877,
    0.43,
    0.43,
    0.4300000896871328,
    0.43,
    0.43000008855255784,
    0.43,
    0.4300000881067249,
    0.43000008877717055,
    0.43,
    0.43,
    0.4300000894578979,
    0.43,
    0.4300000867957609,
    0.4300000861548005,
    0.43,
    0.43000008744632984,
    0.43,
    0.4300000865810504,
    0.43,
    0.43,
    0.4300000876653588,
    0.44,
    0.43,
    0.4300000863673995,
    0.43,
    0.43000008701153897,
    0.4300000872283926,
    0.43,
    0.43,
    0.43000008428748776,
    0.4300000846954171,
    0.43,
    0.4300000849008661,
    0.43,
    0.430000085732727,
    0.43,
    0.43000008449096006,
    0.43,
    0.43,
    0.43000008552323726,
    0.43,
    0.43000008531476885,
    0.43000008510731424,
    0.43,
    0.43000008408499313,
    0.43,
    0.43,
    0.4300000859432455,
    0.43000008249940186,
    0.43,
    0.43,
    0.43000008348330515,
    0.43,
    0.430000083086941,
    0.4300000838834691,
    0.43,
    0.43,
    0.4300000836829087,
    0.43,
    0.430000082890167,
    0.43000008269432277,
    0.43,
    0.43000008328465145,
    0.43,
    0.43,
    0.43000008116026717,
    0.43,
    0.4300000813489043,
    0.43,
    0.43000008078560537,
    0.43000008211230384,
    0.43,
    0.43,
    0.4300000823053977,
    0.43000008153842034,
    0.43,
    0.43,
    0.4300000817288214,
    0.43,
    0.43000008192011385,
    0.4300000809725029,
    0.43,
    0.4300000798639119,
    0.43,
    0.4300000802300539,
    0.43,
    0.43,
    0.4300000800465642,
    0.43,
    0.4300000804143868,
    0.43000007950109653,
    0.43,
    0.43,
    0.43000007878526625,
    0.4300000796820912,
    0.43,
    0.43,
    0.43000007932092227,
    0.4300000805995687,
    0.43,
    0.4300000789630126,
    0.43,
    0.4300000791415628,
    0.43,
    0.4300000782567963,
    0.43,
    0.4300000779084042,
    0.43,
    0.43,
    0.43000007808221163,
    0.43000007860831835,
    0.43,
    0.4300000772208439,
    0.43,
    0.43,
    0.4300000775631003,
    0.43000007739159374,
    0.43,
    0.43,
    0.4300000784321635,
    0.43,
    0.4300000777353688,
    0.43000007571734067,
    0.43,
    0.4300000762119607,
    0.43,
    0.4300000767130854,
    0.43,
    0.4300000760463709,
    0.43,
    0.4300000765453132,
    0.43,
    0.43000007705084586,
    0.43,
    0.43,
    0.4300000763782732,
    0.43,
    0.43000007588149913,
    0.43,
    0.43000007688159464,
    0.4300000747471145,
    0.43,
    0.43000007427126624,
    0.43,
    0.4300000750677486,
    0.43,
    0.43,
    0.43000007555389097,
    0.43,
    0.4300000752290995,
    0.43000007458782236,
    0.43,
    0.43000007539114543,
    0.43,
    0.43,
    0.43000007442920773,
    0.43,
    0.43000007490708847,
    0.43,
    0.43000007395738576,
    0.43000007333751705,
    0.43,
    0.4300000738014383,
    0.43,
    0.43000007411399366,
    0.43,
    0.43000007349150804,
    0.43,
    0.43,
    0.4300000736461471,
    0.43000007318417005,
    0.43,
    0.43,
    0.4300000728793919,
    0.43,
    0.430000073031463,
    0.4300000724269548,
    0.43,
    0.43,
    0.43000007272795276,
    0.43,
    0.4300000721284381,
    0.430000071832372,
    0.43,
    0.43,
    0.4300000716852485,
    0.43,
    0.43000007257714173,
    0.43000007095857945,
    0.43,
    0.4300000715387265,
    0.43,
    0.43,
    0.43000007139280216,
    0.4300000719801006,
    0.43,
    0.43000007227738823,
    0.43,
    0.43,
    0.4300000703877662,
    0.43,
    0.43000007081500996,
    0.43000007110273225,
    0.43,
    0.4300000705296068,
    0.43,
    0.43,
    0.43000007067202023,
    0.43,
    0.43000007124747197,
    0.43,
    0.43000007024649495,
    0.43,
    0.43,
    0.43,
    0.42000004776473004,
    0.4200000835200548,
    0.42000001496774636,
    0.4200000362500091,
    0.4200000662857446,
    0.42000007060871775,
    0.42000009666669086,
    0.4200000362500091,
    0.43,
    0.42,
    0.4300000775200515,
    0.43,
    0.4300003526608259,
    0.4300003491428543,
    0.43,
    0.43000034569437656,
    0.43,
    0.43000034231335366,
    0.43,
    0.43000031181650933,
    0.43,
    0.43,
    0.4300003263540195,
    0.43000033255578624,
    0.43,
    0.4300003389978256,
    0.43,
    0.43,
    0.43000031747327555,
    0.43,
    0.4300003357459075,
    0.43,
    0.43000032333907645,
    0.43000032942571687,
    0.43,
    0.4300003203793291,
    0.43,
    0.4300003036994937,
    0.43,
    0.43,
    0.43000031461946775,
    0.43,
    0.43000028170034327,
    0.43,
    0.43000029107118354,
    0.43000027723760453,
    0.43,
    0.43,
    0.43000029351212415,
    0.43,
    0.43000030906305325,
    0.43,
    0.4300002985189197,
    0.4300003063577997,
    0.43,
    0.4300002886705074,
    0.43,
    0.43,
    0.4300002839860279,
    0.4300003010869238,
    0.43,
    0.43000028630910747,
    0.43,
    0.43000029599435075,
    0.43,
    0.43,
    0.4300002687232956,
    0.43000027080246506,
    0.43,
    0.4300002666758098,
    0.43,
    0.43000027291405934,
    0.43,
    0.43000025878864734,
    0.43,
    0.43,
    0.4300002750588429,
    0.43000027945115793,
    0.43,
    0.43,
    0.43000026267303587,
    0.43,
    0.4300002607163741,
    0.430000264659289,
    0.43,
    0.43,
    0.4300002443357732,
    0.43000025317279766,
    0.43,
    0.43,
    0.4300002550174687,
    0.43,
    0.430000247795505,
    0.43,
    0.43000024097132095,
    0.430000246053478,
    0.43,
    0.43,
    0.43000024956237454,
    0.4300002513546219,
    0.43,
    0.43,
    0.43000025688921834,
    0.43,
    0.43000023609485616,
    0.43000022839169827,
    0.43,
    0.4300002393236031,
    0.43,
    0.43000022691099576,
    0.43,
    0.4300002314118437,
    0.43,
    0.4300002345129334,
    0.43,
    0.43,
    0.4300002254493689,
    0.4300002225818863,
    0.43,
    0.43000023769826584,
    0.43,
    0.43,
    0.43000023295206846,
    0.4300002240064514,
    0.43,
    0.43,
    0.4300002298918523,
    0.43000024264188486,
    0.43,
    0.43,
    0.43000022117532566,
    0.4300002184148697,
    0.43,
    0.43,
    0.4300002144010095,
    0.43,
    0.4300002197864304,
    0.43,
    0.43000021706032104,
    0.43000021572246994,
    0.43,
    0.43,
    0.43000021180607034,
    0.43000021309564035,
    0.43,
    0.43,
    0.4300002080293381,
    0.4300002008660195,
    0.43,
    0.4300002020254494,
    0.43,
    0.43,
    0.4300002105320144,
    0.43000020438493275,
    0.43,
    0.43,
    0.4300001997198216,
    0.4300002092731942,
    0.43,
    0.4300002068001808,
    0.43,
    0.43,
    0.43000020558546337,
    0.4300002031983419,
    0.43,
    0.43,
    0.4300001985866306,
    0.43000018592741923,
    0.43,
    0.43,
    0.43000018893846276,
    0.43000018996393397,
    0.43,
    0.4300001963583933,
    0.43,
    0.4300001920486377,
    0.43,
    0.43000018692037995,
    0.43,
    0.43000019417960506,
    0.43,
    0.43,
    0.43000019100059755,
    0.4300001974662262,
    0.43,
    0.43,
    0.43000019526292155,
    0.43,
    0.43000019310824267,
    0.4300001879240035,
    0.43,
    0.4300001839728141,
    0.43,
    0.43,
    0.43000018494495246,
    0.43,
    0.4300001765487741,
    0.4300001830108421,
    0.43,
    0.4300001756626875,
    0.43,
    0.4300001801843543,
    0.43,
    0.43000017926149386,
    0.43,
    0.43,
    0.43000017834803855,
    0.43,
    0.43000018205887786,
    0.43,
    0.43000017744384533,
    0.43,
    0.43000018111676597,
    0.43000017052749023,
    0.43,
    0.43,
    0.4300001688818334,
    0.43000016807085867,
    0.43,
    0.43,
    0.4300001747854509,
    0.43,
    0.43000016970067223,
    0.4300001739169323,
    0.43,
    0.43,
    0.4300001730570025,
    0.43000017136240454,
    0.43,
    0.43,
    0.43000017220553466,
    0.43,
    0.43000016568400273,
    0.43000016336399133,
    0.43,
    0.43000016185307904,
    0.43,
    0.43,
    0.43000016260502544,
    0.4300001649033784,
    0.43,
    0.43,
    0.4300001641300754,
    0.43,
    0.43000016110805517,
    0.43,
    0.4300001664720529,
    0.43,
    0.4300001672676354,
    0.4300001603698587,
    0.43,
    0.4300001581953079,
    0.43,
    0.43,
    0.4300001567780762,
    0.43000015607894027,
    0.43,
    0.43,
    0.4300001574835036,
    0.43000015401845143,
    0.43,
    0.43,
    0.430000158913576,
    0.43000015538601216,
    0.43,
    0.43,
    0.4300001596383962,
    0.43,
    0.4300001546992095,
    0.43,
    0.43000014878074183,
    0.43000015201165714,
    0.43,
    0.43,
    0.4300001533436585,
    0.4300001526747526,
    0.43,
    0.43,
    0.4300001494158906,
    0.43,
    0.43000015070259706,
    0.43000015005648556,
    0.43,
    0.43000015135429664,
    0.43,
    0.43,
    0.43000014690728683,
    0.4300001481509701,
    0.43,
    0.43,
    0.430000144481528,
    0.43000014155970484,
    0.43,
    0.43,
    0.43000014329844355,
    0.43,
    0.4300001421345771,
    0.43,
    0.43000014568431044,
    0.4300001438875539,
    0.43,
    0.43000014629324274,
    0.43,
    0.43,
    0.43000014752650734,
    0.43000014271413745,
    0.43,
    0.4300001450804264,
    0.43,
    0.43000014098946404,
    0.43,
    0.43000013930597764,
    0.43,
    0.4300001382058121,
    0.43,
    0.4300001365877645,
    0.43,
    0.43,
    0.4300001387537141,
    0.43,
    0.4300001398626549,
    0.43,
    0.43000013766222017,
    0.43,
    0.430000140423799,
    0.43,
    0.430000132955739,
    0.4300001344883965,
    0.43,
    0.43,
    0.4300001324525867,
    0.43,
    0.430000135007165,
    0.4300001371228876,
    0.43,
    0.43,
    0.4300001314576209,
    0.43,
    0.43000013397359954,
    0.43,
    0.43000013605680176,
    0.43000013552995114,
    0.43,
    0.43000013346272864,
    0.43,
    0.43000012762287804,
    0.43,
    0.43,
    0.4300001304774917,
    0.43000013096572254,
    0.43,
    0.4300001290343987,
    0.43,
    0.4300001280899411,
    0.43,
    0.43,
    0.43000012856043535,
    0.43000012999288756,
    0.43,
    0.43000012715920877,
    0.43,
    0.43,
    0.4300001295118698,
    0.4300001319532282,
    0.43,
    0.43000012017353056,
    0.43,
    0.43000012227266454,
    0.43,
    0.43000012489049777,
    0.43,
    0.43,
    0.4300001227013222,
    0.43,
    0.43000012533774046,
    0.43,
    0.4300001266988965,
    0.43,
    0.43000012313299596,
    0.43000012624190476,
    0.43,
    0.43000012400552,
    0.43,
    0.43,
    0.43000012058757153,
    0.43000012578819785,
    0.43,
    0.43,
    0.4300001244464356,
    0.430000121424272,
    0.43,
    0.4300001218469915,
    0.43,
    0.43,
    0.4300001197623231,
    0.43000012100447543,
    0.43,
    0.4300001235677178,
    0.43,
    0.43000011894829315,
    0.43,
    0.43,
    0.4300001185454139,
    0.43,
    0.4300001177477876,
    0.43,
    0.4300001181452545,
    0.43,
    0.4300001193539202,
    0.43,
    0.43000011735298604,
    0.4100000220439601,
    0.4100000220439601,
    0.4100000220439601,
    0.4100000220439601,
    0.4100000220439601,
    0.4100000220439601,
    0.4100000220439601,
    0.4100000220439601,
    0.4100000220439601,
    0.4100000220439601,
    0.4100000220439601,
    0.41000003461008583,
    0.41,
    0.4100000276562549,
    0.4100000220439601,
    0.44555555555555554,
    0.4100000276562549,
    0.4100000276562549,
    0.4100000276562549,
    0.4100000276562549,
    0.4100000276562549,
    0.4100000276562549,
    0.4100000220439601,
    0.4100000220439601,
    0.4100000276562549,
    0.4200000388393004,
    0.4200000388393004,
    0.4200000388393004,
    0.4100000276562549,
    0.4200000388393004,
    0.4200000388393004,
    0.4200000388393004,
    0.4200000388393004,
    0.4200000388393004,
    0.42,
    0.41000006885327767,
    0.4200000388393004,
    0.42,
    0.4200000585464669,
    0.4200000388393004,
    0.4200000388393004,
    0.4200000388393004,
    0.4200000388393004,
    0.4200000388393004,
    0.4200000388393004,
    0.4200000388393004,
    0.4200000388393004,
    0.4200000388393004,
    0.4200000388393004,
    0.4200000388393004,
    0.430000045803578,
    0.430000045803578,
    0.430000045803578,
    0.430000045803578,
    0.420000045012343,
    0.43,
    0.430000045803578,
    0.430000045803578,
    0.430000045803578,
    0.44,
    0.44,
    0.430000045803578,
    0.430000045803578,
    0.44,
    0.44,
    0.430000045803578,
    0.430000045803578,
    0.430000045803578,
    0.44,
    0.4300002835431553,
    0.44,
    0.44,
    0.44,
    0.44,
    0.44,
    0.44,
    0.44,
    0.44,
    0.44,
    0.44,
    0.44,
    0.44,
    0.44,
    0.44,
    0.44,
    0.44,
    0.44,
    0.44,
    0.44,
    0.44,
    0.44,
    0.44,
    0.44,
    0.44,
    0.44,
    0.44,
    0.44,
    0.44,
    0.44,
    0.44,
    0.44,
    0.44,
    0.44,
    0.44,
    0.44,
    0.44,
    0.44,
    0.44,
    0.44,
    0.44,
    0.44,
    0.44,
    0.44,
    0.44,
    0.44,
    0.44,
    0.44,
    0.44,
    0.44,
    0.44,
    0.44,
    0.44,
    0.44,
    0.44,
    0.44,
    0.44,
    0.44,
    0.44,
    0.44,
    0.44,
    0.44,
    0.44,
    0.44,
    0.44,
    0.44,
    0.44,
    0.44,
    0.44,
    0.44,
    0.44,
    0.44,
    0.44,
    0.44,
    0.44,
    0.44,
    0.44,
    0.44,
    0.44,
    0.44,
    0.44,
    0.44,
    0.44,
    0.44,
    0.44,
    0.44,
    0.44,
    0.44,
    0.44,
    0.44,
    0.44,
    0.44,
    0.44,
    0.44,
    0.44,
    0.44,
    0.44,
    0.44,
    0.44,
    0.44,
    0.44,
    0.44,
    0.44,
    0.44,
    0.44,
    0.44,
    0.44,
    0.44,
    0.44,
    0.44,
    0.44,
    0.44,
    0.44,
    0.44,
    0.44,
    0.44,
    0.44,
    0.44,
    0.44,
    0.44,
    0.44,
    0.44,
    0.44,
    0.44,
    0.44,
    0.44,
    0.44,
    0.44,
    0.44,
    0.44,
    0.44,
    0.44,
    0.44,
    0.44,
    0.44,
    0.44,
    0.44,
    0.44,
    0.44,
    0.44,
    0.44,
    0.44,
    0.44,
    0.44,
    0.44,
    0.44,
    0.44,
    0.44,
    0.44,
    0.44,
    0.44,
    0.44,
    0.44,
    0.44,
    0.44,
    0.44,
    0.44,
    0.44,
    0.44,
    0.44,
    0.44,
    0.44,
    0.44,
    0.44,
    0.44,
    0.44,
    0.44,
    0.44,
    0.44,
    0.44,
    0.44,
    0.44,
    0.44,
    0.44,
    0.44,
    0.44,
    0.44,
    0.44,
    0.44,
    0.44,
    0.44,
    0.44,
    0.44,
    0.44,
    0.44,
    0.44,
    0.44,
    0.44,
    0.44,
    0.44,
    0.44,
    0.44,
    0.44,
    0.44,
    0.44,
    0.44,
    0.44,
    0.44,
    0.44,
    0.44,
    0.44,
    0.44,
    0.44,
    0.44,
    0.44,
    0.44,
    0.44,
    0.44,
    0.44,
    0.44,
    0.44,
    0.44,
    0.44,
    0.44,
    0.44,
    0.44,
    0.44,
    0.44,
    0.44,
    0.44,
    0.44,
    0.44,
    0.44,
    0.44,
    0.44,
    0.44,
    0.44,
    0.44,
    0.44,
    0.44,
    0.44,
    0.44,
    0.44,
    0.44,
    0.44,
    0.44,
    0.44,
    0.44,
    0.44,
    0.44,
    0.44,
    0.44,
    0.44,
    0.44,
    0.44,
    0.44,
    0.44,
    0.44,
    0.44,
    0.44,
    0.44,
    0.44,
    0.44,
    0.44,
    0.44,
    0.44,
    0.44,
    0.44,
    0.44,
    0.44000003612904937,
    0.44,
    0.44,
    0.4400001323430919,
    0.44,
    0.44000008615416425,
    0.44000005090910943,
    0.44,
    0.4400004912288362,
    0.44,
    0.44,
    0.4400001973223359,
    0.44000006533335295,
    0.4400000124444511,
    0.44000011522651133,
    0.44,
    0.43,
    0.44,
    0.44,
    0.44,
    0.44,
    0.44,
    0.44,
    0.44,
    0.44,
    0.44,
    0.44,
    0.44,
    0.44,
    0.44,
    0.44,
    0.44,
    0.44,
    0.44,
    0.44,
    0.44,
    0.44,
    0.44,
    0.44,
    0.44,
    0.44,
    0.44,
    0.44,
    0.44,
    0.44,
    0.44,
    0.44,
    0.44,
    0.44,
    0.44,
    0.44,
    0.44,
    0.44,
    0.44,
    0.44,
    0.44,
    0.44,
    0.44,
    0.44,
    0.44,
    0.44,
    0.44,
    0.44,
    0.44,
    0.44,
    0.44,
    0.44,
    0.44,
    0.44,
    0.44,
    0.44,
    0.44,
    0.44,
    0.44,
    0.44,
    0.44,
    0.44,
    0.44,
    0.44,
    0.44,
    0.43,
    0.44,
    0.4300000031666684,
    0.4300000275806527,
    0.43,
    0.44,
    0.44,
    0.430000045803578,
    0.43000013741080384,
    0.44,
    0.430000045803578,
    0.44,
    0.44,
    0.430000045803578,
    0.430000045803578,
    0.430000045803578,
    0.430000045803578,
    0.44,
    0.44,
    0.44,
    0.44,
    0.44,
    0.44,
    0.44,
    0.44,
    0.44,
    0.44,
    0.44,
    0.44,
    0.44,
    0.44,
    0.44,
    0.44,
    0.44,
    0.44,
    0.44,
    0.44,
    0.44,
    0.44,
    0.44,
    0.44,
    0.44,
    0.44,
    0.44,
    0.44,
    0.44,
    0.44,
    0.44,
    0.44,
    0.44,
    0.44,
    0.44,
    0.44,
    0.44,
    0.44,
    0.44,
    0.44,
    0.44,
    0.44,
    0.44,
    0.44,
    0.44,
    0.44,
    0.44,
    0.44,
    0.44,
    0.44,
    0.44,
    0.44,
    0.44,
    0.44,
    0.44,
    0.44,
    0.44,
    0.44,
    0.44,
    0.44,
    0.44,
    0.44,
    0.44,
    0.44,
    0.44,
    0.44,
    0.44,
    0.44,
    0.44,
    0.44,
    0.44,
    0.44,
    0.44,
    0.44,
    0.44,
    0.44,
    0.44,
    0.44,
    0.44,
    0.44,
    0.44,
    0.44,
    0.44,
    0.44,
    0.44,
    0.44,
    0.44,
    0.44,
    0.44,
    0.44,
    0.44,
    0.44,
    0.44,
    0.44,
    0.44,
    0.44,
    0.44,
    0.44,
    0.44,
    0.44,
    0.44,
    0.44,
    0.44,
    0.44,
    0.44,
    0.44,
    0.44,
    0.44,
    0.44,
    0.44,
    0.44,
    0.44,
    0.44,
    0.44,
    0.44,
    0.44,
    0.44,
    0.44,
    0.44,
    0.44,
    0.44,
    0.44,
    0.44,
    0.44,
    0.44,
    0.44,
    0.44,
    0.44,
    0.44,
    0.44,
    0.44,
    0.44,
    0.44,
    0.44,
    0.44,
    0.44,
    0.44,
    0.44,
    0.44,
    0.44,
    0.44,
    0.44,
    0.44,
    0.44,
    0.44,
    0.44,
    0.44,
    0.44,
    0.44,
    0.44,
    0.44,
    0.44,
    0.44,
    0.44,
    0.44,
    0.44,
    0.44,
    0.44,
    0.44,
    0.44,
    0.44,
    0.44,
    0.44,
    0.44,
    0.44,
    0.44,
    0.44,
    0.44,
    0.44,
    0.44,
    0.44,
    0.44,
    0.44,
    0.44,
    0.44,
    0.44,
    0.44,
    0.44,
    0.44,
    0.44,
    0.44,
    0.44,
    0.44,
    0.44,
    0.44,
    0.44,
    0.44,
    0.44,
    0.44,
    0.44,
    0.44,
    0.44,
    0.44,
    0.44,
    0.44,
    0.44,
    0.44,
    0.44,
    0.44,
    0.44,
    0.44,
    0.44,
    0.44,
    0.44,
    0.44,
    0.44,
    0.44,
    0.44,
    0.44,
    0.44,
    0.44,
    0.44,
    0.44,
    0.44,
    0.44,
    0.44,
    0.44,
    0.44,
    0.44,
    0.44,
    0.44,
    0.44,
    0.44,
    0.44,
    0.44,
    0.44,
    0.44,
    0.44,
    0.44,
    0.44,
    0.44,
    0.44,
    0.44,
    0.44,
    0.44,
    0.44,
    0.44,
    0.44,
    0.44,
    0.44,
    0.44,
    0.44,
    0.44,
    0.44,
    0.44,
    0.44,
    0.44,
    0.44,
    0.44,
    0.44,
    0.44,
    0.44,
    0.44,
    0.44,
    0.44,
    0.44,
    0.44,
    0.44,
    0.44,
    0.44,
    0.44,
    0.44,
    0.44,
    0.44,
    0.44,
    0.44,
    0.44,
    0.44,
    0.44,
    0.44,
    0.44,
    0.44,
    0.44,
    0.44,
    0.44,
    0.44,
    0.44,
    0.44,
    0.44,
    0.44,
    0.44,
    0.44,
    0.44,
    0.44,
    0.44,
    0.44,
    0.44,
    0.44,
    0.44,
    0.44,
    0.44,
    0.44,
    0.44,
    0.44,
    0.44,
    0.44,
    0.44,
    0.44,
    0.44,
    0.44,
    0.44,
    0.44,
    0.44,
    0.44,
    0.44,
    0.44,
    0.44,
    0.44,
    0.44,
    0.44,
    0.44,
    0.44,
    0.44,
    0.44,
    0.44,
    0.44,
    0.44,
    0.44,
    0.44,
    0.44,
    0.44,
    0.44,
    0.44,
    0.44,
    0.44,
    0.44,
    0.44,
    0.44,
    0.44,
    0.44,
    0.44,
    0.44,
    0.44,
    0.44,
    0.44,
    0.44,
    0.44,
    0.44,
    0.44,
    0.44,
    0.44,
    0.44,
    0.44,
    0.44,
    0.44,
    0.44,
    0.44,
    0.44,
    0.44,
    0.44,
    0.44,
    0.44,
    0.44,
    0.44,
    0.44,
    0.44,
    0.44,
    0.44,
    0.44,
    0.44,
    0.44,
    0.44,
    0.44,
    0.44,
    0.44,
    0.44,
    0.44,
    0.44,
    0.44,
    0.44,
    0.44,
    0.44,
    0.44,
    0.44,
    0.44,
    0.44,
    0.44,
    0.44,
    0.44,
    0.44,
    0.44,
    0.44,
    0.44,
    0.44,
    0.44,
    0.44,
    0.44,
    0.44,
    0.44,
    0.44,
    0.44,
    0.44,
    0.44,
    0.44,
    0.44,
    0.44,
    0.44,
    0.44,
    0.44,
    0.44,
    0.44,
    0.44,
    0.44,
    0.44,
    0.44,
    0.44,
    0.44,
    0.44,
    0.44,
    0.44,
    0.44,
    0.44,
    0.44,
    0.44,
    0.44,
    0.44,
    0.44,
    0.44,
    0.44,
    0.44,
    0.44,
    0.44,
    0.44,
    0.44,
    0.44,
    0.44,
    0.44,
    0.44,
    0.44,
    0.44,
    0.44,
    0.44,
    0.44,
    0.44,
    0.44,
    0.44,
    0.44,
    0.44,
    0.44,
    0.44,
    0.44,
    0.44,
    0.44,
    0.44,
    0.44,
    0.44,
    0.44,
    0.44,
    0.44,
    0.44,
    0.44,
    0.44,
    0.44,
    0.44,
    0.44,
    0.44,
    0.44,
    0.44,
    0.44,
    0.44,
    0.44,
    0.44,
    0.44,
    0.44,
    0.44,
    0.44,
    0.44,
    0.44,
    0.44,
    0.44,
    0.44,
    0.44,
    0.44,
    0.44,
    0.44,
    0.44,
    0.44,
    0.44,
    0.44,
    0.44,
    0.44,
    0.44,
    0.44,
    0.44,
    0.44,
    0.44,
    0.44,
    0.44,
    0.44,
    0.44,
    0.44,
    0.44,
    0.44,
    0.44,
    0.44,
    0.44,
    0.44,
    0.44,
    0.44,
    0.44,
    0.44,
    0.44,
    0.44,
    0.44,
    0.44,
    0.44,
    0.44,
    0.44,
    0.44,
    0.44,
    0.44,
    0.44,
    0.44,
    0.44,
    0.44,
    0.44,
    0.44,
    0.44,
    0.44,
    0.44,
    0.44,
    0.44,
    0.44,
    0.44,
    0.44,
    0.44,
    0.44,
    0.44,
    0.44,
    0.44,
    0.44,
    0.44,
    0.44,
    0.44,
    0.44,
    0.44,
    0.44,
    0.44,
    0.44,
    0.44,
    0.44,
    0.44,
    0.44,
    0.44,
    0.44,
    0.44,
    0.44,
    0.44,
    0.44,
    0.44,
    0.44,
    0.44,
    0.44,
    0.44,
    0.44,
    0.44,
    0.44,
    0.44,
    0.44,
    0.44,
    0.44,
    0.44,
    0.44,
    0.44,
    0.44,
    0.44,
    0.44,
    0.44,
    0.44,
    0.44,
    0.44,
    0.44,
    0.44,
    0.44,
    0.44,
    0.44,
    0.44,
    0.44,
    0.44,
    0.44,
    0.44,
    0.44,
    0.44,
    0.44,
    0.44,
    0.44,
    0.44,
    0.44,
    0.44,
    0.44,
    0.44,
    0.44,
    0.44,
    0.44,
    0.44,
    0.44,
    0.44,
    0.44,
    0.44,
    0.44,
    0.44,
    0.44,
    0.44,
    0.44,
    0.44,
    0.44,
    0.44,
    0.44,
    0.44,
    0.44,
    0.44,
    0.44,
    0.44,
    0.44,
    0.44,
    0.44,
    0.44,
    0.44,
    0.44,
    0.44,
    0.44,
    0.44,
    0.44,
    0.44,
    0.44,
    0.44,
    0.44,
    0.44,
    0.44,
    0.44,
    0.44,
    0.44,
    0.44,
    0.44,
    0.44,
    0.44,
    0.44,
    0.44,
    0.44,
    0.44,
    0.44,
    0.44,
    0.44,
    0.44,
    0.44,
    0.44,
    0.44,
    0.44,
    0.44,
    0.44,
    0.44,
    0.44,
    0.44,
    0.44,
    0.44,
    0.44,
    0.44,
    0.44,
    0.44,
    0.44,
    0.44,
    0.44,
    0.44,
    0.44,
    0.44,
    0.44,
    0.44,
    0.44,
    0.44,
    0.44,
    0.44,
    0.44,
    0.44,
    0.44,
    0.44,
    0.44,
    0.44,
    0.44,
    0.44,
    0.44,
    0.44,
    0.44,
    0.44,
    0.44,
    0.44,
    0.44,
    0.44,
    0.44,
    0.44,
    0.44,
    0.44,
    0.44,
    0.44,
    0.44,
    0.44,
    0.44,
    0.44,
    0.44,
    0.44,
    0.44,
    0.44,
    0.44,
    0.44,
    0.44,
    0.44,
    0.44,
    0.44,
    0.44,
    0.44,
    0.44,
    0.44,
    0.44,
    0.44,
    0.44,
    0.44,
    0.44,
    0.44,
    0.44,
    0.44,
    0.44,
    0.44,
    0.44,
    0.44,
    0.44,
    0.44,
    0.44,
    0.44,
    0.44,
    0.44,
    0.44,
    0.44,
    0.44,
    0.44,
    0.44,
    0.44,
    0.44,
    0.44,
    0.44,
    0.44,
    0.44,
    0.44,
    0.44,
    0.44,
    0.44,
    0.44,
    0.44,
    0.44,
    0.44,
    0.44,
    0.44,
    0.44,
    0.44,
    0.44,
    0.44,
    0.44,
    0.44,
    0.44,
    0.44,
    0.44,
    0.44,
    0.44,
    0.44,
    0.44,
    0.44,
    0.44,
    0.44,
    0.44,
    0.44,
    0.44,
    0.44,
    0.44,
    0.44,
    0.44,
    0.44,
    0.44,
    0.44,
    0.44,
    0.44,
    0.44,
    0.44,
    0.44,
    0.44,
    0.44,
    0.44,
    0.44,
    0.44,
    0.44,
    0.44,
    0.44,
    0.44,
    0.44,
    0.430000045803578,
    0.430000045803578,
    0.430000045803578,
    0.430000045803578,
    0.430000045803578,
    0.44,
    0.44,
    0.44,
    0.44,
    0.44,
    0.44,
    0.44,
    0.44,
    0.44,
    0.44,
    0.44,
    0.44,
    0.44,
    0.44,
    0.430000253583987,
    0.43,
    0.44,
    0.44,
    0.44,
    0.43000039656836175,
    0.44,
    0.44,
    0.44,
    0.44,
    0.44,
    0.44,
    0.44,
    0.44,
    0.44,
    0.44,
    0.44,
    0.44,
    0.44,
    0.44,
    0.44,
    0.44,
    0.44,
    0.44,
    0.44,
    0.44,
    0.44,
    0.44,
    0.44,
    0.44,
    0.44,
    0.44,
    0.44,
    0.44,
    0.44,
    0.44,
    0.44,
    0.44,
    0.44,
    0.44,
    0.44,
    0.44,
    0.44,
    0.44,
    0.44,
    0.44,
    0.44,
    0.44,
    0.44,
    0.44,
    0.44,
    0.44,
    0.44,
    0.44,
    0.44,
    0.44,
    0.44,
    0.44,
    0.44,
    0.44,
    0.44,
    0.44,
    0.44,
    0.44,
    0.44,
    0.44,
    0.44,
    0.44,
    0.44,
    0.44,
    0.44,
    0.44,
    0.44,
    0.44,
    0.44,
    0.44,
    0.44,
    0.44,
    0.44,
    0.44,
    0.44,
    0.44,
    0.44,
    0.44,
    0.44,
    0.44,
    0.44,
    0.44,
    0.44,
    0.44,
    0.44,
    0.44,
    0.44,
    0.44,
    0.44,
    0.44,
    0.44,
    0.44,
    0.44,
    0.44,
    0.44,
    0.44,
    0.44,
    0.44,
    0.44,
    0.44,
    0.44,
    0.44,
    0.44,
    0.44,
    0.44,
    0.44,
    0.44,
    0.44,
    0.44,
    0.44,
    0.44,
    0.44,
    0.44,
    0.44,
    0.44,
    0.44,
    0.44,
    0.44,
    0.44,
    0.44,
    0.44,
    0.44,
    0.44,
    0.44,
    0.44,
    0.44,
    0.44,
    0.44,
    0.44,
    0.44,
    0.44,
    0.44,
    0.44,
    0.44,
    0.44,
    0.44,
    0.44,
    0.44,
    0.44,
    0.44,
    0.44,
    0.44,
    0.44,
    0.44,
    0.44,
    0.44,
    0.44,
    0.44,
    0.44,
    0.44,
    0.44,
    0.44,
    0.44,
    0.44,
    0.44,
    0.44,
    0.44,
    0.44,
    0.44,
    0.44,
    0.44,
    0.44,
    0.44,
    0.44,
    0.44,
    0.44,
    0.44,
    0.44,
    0.44,
    0.44,
    0.44,
    0.44,
    0.44,
    0.44,
    0.44,
    0.44,
    0.44,
    0.44,
    0.44,
    0.44,
    0.44,
    0.44,
    0.44,
    0.44,
    0.44,
    0.44,
    0.44,
    0.44,
    0.44,
    0.44,
    0.44,
    0.44,
    0.44,
    0.44,
    0.44,
    0.4400003656722558,
    0.44,
    0.44,
    0.44,
    0.44,
    0.44,
    0.44,
    0.44,
    0.44,
    0.44,
    0.44,
    0.44,
    0.44,
    0.44,
    0.44,
    0.44,
    0.44,
    0.44,
    0.44,
    0.44,
    0.44,
    0.44,
    0.44,
    0.44,
    0.44,
    0.44,
    0.44,
    0.44,
    0.44,
    0.44,
    0.44,
    0.44,
    0.44,
    0.44,
    0.44,
    0.44,
    0.44,
    0.44,
    0.44,
    0.44,
    0.44,
    0.44,
    0.44,
    0.44,
    0.44,
    0.44,
    0.44,
    0.44,
    0.44,
    0.44,
    0.44,
    0.44,
    0.44,
    0.44,
    0.44,
    0.44,
    0.44,
    0.44,
    0.44,
    0.44,
    0.44,
    0.44,
    0.44,
    0.44,
    0.44,
    0.44,
    0.44,
    0.44,
    0.44,
    0.44,
    0.44,
    0.44,
    0.44,
    0.44,
    0.44,
    0.44,
    0.44,
    0.44,
    0.44,
    0.44,
    0.44,
    0.44,
    0.44,
    0.44,
    0.44,
    0.44,
    0.44,
    0.44,
    0.44,
    0.44,
    0.44,
    0.44,
    0.44,
    0.44,
    0.44,
    0.44,
    0.44,
    0.44,
    0.44,
    0.44,
    0.44,
    0.44,
    0.44,
    0.44,
    0.44,
    0.44,
    0.44,
    0.44,
    0.44,
    0.44,
    0.44,
    0.44,
    0.44,
    0.44,
    0.44,
    0.44,
    0.44,
    0.44,
    0.44,
    0.44,
    0.44,
    0.44,
    0.44,
    0.44,
    0.44,
    0.44,
    0.44,
    0.44,
    0.44,
    0.44,
    0.44,
    0.44,
    0.44,
    0.44,
    0.44,
    0.44,
    0.44,
    0.44,
    0.44,
    0.44,
    0.44,
    0.44,
    0.44,
    0.44,
    0.44,
    0.44,
    0.44,
    0.44,
    0.44,
    0.44,
    0.44,
    0.44,
    0.44,
    0.44,
    0.44,
    0.44,
    0.44,
    0.44,
    0.44,
    0.44,
    0.44,
    0.44,
    0.44,
    0.44,
    0.44,
    0.44,
    0.44,
    0.44,
    0.44,
    0.44,
    0.44,
    0.4400001568001129,
    0.44,
    0.44,
    0.44,
    0.44,
    0.44,
    0.44,
    0.44000007357359844,
    0.44,
    0.44,
    0.44000008048548844,
    0.44,
    0.4400000282258169,
    0.4400000922353332,
    0.440000019764711,
    0.44,
    0.4400001390269504,
    0.44,
    0.4400029254124309,
    0.440000024888897,
    0.4300000352857289,
    0.43000003069231785,
    0.4300000031666684,
    0.43000000610714495,
    0.43000007811112934,
    0.43000003069231785,
    0.4300000452647156,
    0.4300001466634306,
    0.44,
    0.4300000031666684,
    0.440000024888897,
    0.44,
    0.44,
    0.44,
    0.44,
    0.44,
    0.44,
    0.44,
    0.44,
    0.44,
    0.44,
    0.44,
    0.44,
    0.44,
    0.44,
    0.44,
    0.44,
    0.44,
    0.44,
    0.44,
    0.44,
    0.44,
    0.44,
    0.44,
    0.44,
    0.44,
    0.44,
    0.44,
    0.44,
    0.44,
    0.44,
    0.44,
    0.44,
    0.44,
    0.44,
    0.44,
    0.44,
    0.44,
    0.44,
    0.44,
    0.44,
    0.44,
    0.44,
    0.44,
    0.44,
    0.44,
    0.44,
    0.44,
    0.44,
    0.44,
    0.44,
    0.44,
    0.44,
    0.44,
    0.44,
    0.44,
    0.44,
    0.44,
    0.44,
    0.44,
    0.44,
    0.44,
    0.44,
    0.44,
    0.44,
    0.44,
    0.44,
    0.44,
    0.44,
    0.44,
    0.44,
    0.44,
    0.44,
    0.44,
    0.44,
    0.44,
    0.44,
    0.44,
    0.44,
    0.44,
    0.44,
    0.44,
    0.44,
    0.44,
    0.44,
    0.44,
    0.44,
    0.44,
    0.44,
    0.44,
    0.44,
    0.44,
    0.44,
    0.44,
    0.44,
    0.44,
    0.44,
    0.44,
    0.44,
    0.44,
    0.44,
    0.44,
    0.44,
    0.44,
    0.44,
    0.44,
    0.44,
    0.44,
    0.44,
    0.44,
    0.44,
    0.44,
    0.44,
    0.44,
    0.44,
    0.44,
    0.44,
    0.44,
    0.44,
    0.44,
    0.44,
    0.44,
    0.44,
    0.44,
    0.44,
    0.44,
    0.44,
    0.44,
    0.44,
    0.44,
    0.44,
    0.44,
    0.44,
    0.44,
    0.44,
    0.44,
    0.44,
    0.44,
    0.44,
    0.44,
    0.44,
    0.44,
    0.44,
    0.44,
    0.44,
    0.44,
    0.44,
    0.44,
    0.44,
    0.44,
    0.44,
    0.44,
    0.44,
    0.44,
    0.44,
    0.44,
    0.44,
    0.44,
    0.44,
    0.44,
    0.44,
    0.44,
    0.44,
    0.44,
    0.44,
    0.44,
    0.44,
    0.44,
    0.44,
    0.44,
    0.44,
    0.44,
    0.44,
    0.44,
    0.44,
    0.44,
    0.44,
    0.44,
    0.44,
    0.44,
    0.44,
    0.44,
    0.44,
    0.44,
    0.44,
    0.44,
    0.44,
    0.44,
    0.44,
    0.44,
    0.44,
    0.44,
    0.44,
    0.44,
    0.44,
    0.44,
    0.44,
    0.44,
    0.44,
    0.44,
    0.44,
    0.44,
    0.44,
    0.44,
    0.44,
    0.44,
    0.44,
    0.44,
    0.44,
    0.44,
    0.44,
    0.44,
    0.44,
    0.44,
    0.44,
    0.44,
    0.44,
    0.44,
    0.44,
    0.44,
    0.44,
    0.44,
    0.44,
    0.44,
    0.44,
    0.44,
    0.44,
    0.44,
    0.44,
    0.44,
    0.44,
    0.44,
    0.44,
    0.44,
    0.44,
    0.44,
    0.44,
    0.44,
    0.44,
    0.44,
    0.44,
    0.44,
    0.44,
    0.44,
    0.44,
    0.44,
    0.44,
    0.44,
    0.44,
    0.44,
    0.44,
    0.44,
    0.44,
    0.44,
    0.44,
    0.44,
    0.44,
    0.44,
    0.44,
    0.44,
    0.44,
    0.44,
    0.44,
    0.44,
    0.44,
    0.44,
    0.44,
    0.44,
    0.44,
    0.44,
    0.44,
    0.44,
    0.44,
    0.44,
    0.44,
    0.44,
    0.44,
    0.44,
    0.44,
    0.44,
    0.44,
    0.44,
    0.44,
    0.44,
    0.44,
    0.44,
    0.44,
    0.44,
    0.44,
    0.44,
    0.44,
    0.44,
    0.44,
    0.44,
    0.44,
    0.44,
    0.44,
    0.44,
    0.44,
    0.44,
    0.44,
    0.44,
    0.44,
    0.44,
    0.44,
    0.44,
    0.44,
    0.44,
    0.44,
    0.44,
    0.44,
    0.44,
    0.44,
    0.44,
    0.44,
    0.44,
    0.44,
    0.44,
    0.44,
    0.44,
    0.44,
    0.44,
    0.44,
    0.44,
    0.44,
    0.44,
    0.44,
    0.44,
    0.44,
    0.44,
    0.44,
    0.44,
    0.44,
    0.44,
    0.44,
    0.44,
    0.44,
    0.44,
    0.44,
    0.44,
    0.44,
    0.44,
    0.44,
    0.44,
    0.44,
    0.44,
    0.44,
    0.44,
    0.44,
    0.44,
    0.44,
    0.44,
    0.44,
    0.44,
    0.44,
    0.44,
    0.44,
    0.44,
    0.44,
    0.44,
    0.44,
    0.44,
    0.44,
    0.44,
    0.44,
    0.44,
    0.44,
    0.44,
    0.44,
    0.44,
    0.44,
    0.44,
    0.44,
    0.44,
    0.44,
    0.44,
    0.44,
    0.44,
    0.44,
    0.44,
    0.44,
    0.44,
    0.44,
    0.44,
    0.44,
    0.44,
    0.44,
    0.44,
    0.44,
    0.44,
    0.44,
    0.44,
    0.44,
    0.44,
    0.44,
    0.44,
    0.44,
    0.44,
    0.44,
    0.44,
    0.44,
    0.430000045803578,
    0.44,
    0.430000045803578,
    0.430000045803578,
    0.4300004092546109,
    0.430000045803578,
    0.430000045803578,
    0.430000045803578,
    0.430000045803578,
    0.44,
    0.44,
    0.44,
    0.44,
    0.44,
    0.44,
    0.44,
    0.44,
    0.44,
    0.44,
    0.44,
    0.44,
    0.44,
    0.44,
    0.44,
    0.44,
    0.44,
    0.44,
    0.44,
    0.44,
    0.44,
    0.44,
    0.44,
    0.44,
    0.44,
    0.44,
    0.44,
    0.44,
    0.44,
    0.44,
    0.44,
    0.44,
    0.44,
    0.44,
    0.44,
    0.44,
    0.44,
    0.44,
    0.44,
    0.44,
    0.44,
    0.44,
    0.44,
    0.44,
    0.44,
    0.44,
    0.44,
    0.44,
    0.44,
    0.44,
    0.44,
    0.44,
    0.44,
    0.44,
    0.44,
    0.44,
    0.44,
    0.44,
    0.44,
    0.44,
    0.44,
    0.44,
    0.44,
    0.44,
    0.44,
    0.44,
    0.44,
    0.44,
    0.44,
    0.44,
    0.44,
    0.44,
    0.44,
    0.44,
    0.44,
    0.44,
    0.44,
    0.44,
    0.44,
    0.44,
    0.44,
    0.44,
    0.44,
    0.44,
    0.44,
    0.44,
    0.44,
    0.44,
    0.44,
    0.44,
    0.44,
    0.44,
    0.44,
    0.44,
    0.44,
    0.44,
    0.44,
    0.44,
    0.44,
    0.44,
    0.44,
    0.44,
    0.44,
    0.44,
    0.44,
    0.44,
    0.44,
    0.44,
    0.44,
    0.44,
    0.44,
    0.44,
    0.44,
    0.44,
    0.44,
    0.44,
    0.44,
    0.44,
    0.44,
    0.44,
    0.44,
    0.44,
    0.44,
    0.44,
    0.44,
    0.44,
    0.44,
    0.44,
    0.44,
    0.44,
    0.44,
    0.44,
    0.44,
    0.44,
    0.44,
    0.44,
    0.44,
    0.44,
    0.44,
    0.44,
    0.44,
    0.44,
    0.44,
    0.44,
    0.44,
    0.44,
    0.44,
    0.44,
    0.44,
    0.44,
    0.44,
    0.44,
    0.44,
    0.44,
    0.44,
    0.44,
    0.44000006533335295,
    0.44,
    0.44,
    0.44,
    0.44,
    0.44,
    0.44,
    0.44,
    0.44,
    0.44,
    0.44,
    0.44,
    0.44,
    0.44,
    0.44,
    0.44,
    0.44,
    0.44,
    0.44,
    0.44,
    0.44,
    0.44,
    0.44,
    0.44,
    0.44,
    0.44,
    0.44,
    0.44,
    0.44000010424430697,
    0.44,
    0.44,
    0.4400000922353332,
    0.44,
    0.44,
    0.4400000973913721,
    0.44,
    0.44,
    0.44,
    0.44,
    0.4400000973913721,
    0.44000011204983974,
    0.44,
    0.44000014000014,
    0.44,
    0.44,
    0.44,
    0.44000004135895887,
    0.44,
    0.44,
    0.44,
    0.44,
    0.44,
    0.44,
    0.44,
    0.44,
    0.44,
    0.44,
    0.44,
    0.44,
    0.44,
    0.44,
    0.44,
    0.44,
    0.44,
    0.44,
    0.44,
    0.44,
    0.44,
    0.44,
    0.44,
    0.44,
    0.44,
    0.44,
    0.44,
    0.44,
    0.44,
    0.44,
    0.44,
    0.44,
    0.44,
    0.44,
    0.44,
    0.44,
    0.44,
    0.44,
    0.44,
    0.44,
    0.44,
    0.44,
    0.44,
    0.44,
    0.44,
    0.44,
    0.44,
    0.44,
    0.44,
    0.44,
    0.44,
    0.44,
    0.44,
    0.44,
    0.44,
    0.44,
    0.44,
    0.44,
    0.44,
    0.44,
    0.44,
    0.44,
    0.44,
    0.44,
    0.44,
    0.44,
    0.44,
    0.44,
    0.44,
    0.44,
    0.44,
    0.44,
    0.44,
    0.44,
    0.44,
    0.44,
    0.44,
    0.44,
    0.44,
    0.44,
    0.44,
    0.44,
    0.44,
    0.44,
    0.44,
    0.44,
    0.44,
    0.44,
    0.44,
    0.44,
    0.44,
    0.44,
    0.44,
    0.44,
    0.44,
    0.44,
    0.44,
    0.44,
    0.44,
    0.44,
    0.44,
    0.44,
    0.44,
    0.44,
    0.44,
    0.44,
    0.44,
    0.44,
    0.44,
    0.44,
    0.44,
    0.44,
    0.44,
    0.44,
    0.44,
    0.44,
    0.44,
    0.44,
    0.44,
    0.44,
    0.44,
    0.44,
    0.44,
    0.44,
    0.44,
    0.44,
    0.44,
    0.44,
    0.44,
    0.44,
    0.44,
    0.44,
    0.44,
    0.44,
    0.44,
    0.44,
    0.44,
    0.44,
    0.44,
    0.44,
    0.44,
    0.44,
    0.44,
    0.44,
    0.44,
    0.44,
    0.44,
    0.44,
    0.44,
    0.44,
    0.44,
    0.44,
    0.44,
    0.4400000213414829,
    0.44,
    0.44,
    0.44,
    0.44,
    0.44,
    0.44,
    0.44,
    0.44,
    0.44,
    0.44,
    0.44,
    0.44,
    0.44,
    0.44,
    0.44,
    0.44,
    0.44,
    0.44,
    0.44,
    0.44,
    0.44,
    0.44,
    0.44,
    0.44,
    0.44,
    0.44,
    0.44,
    0.44,
    0.44,
    0.44,
    0.44,
    0.44,
    0.44,
    0.44,
    0.44,
    0.44,
    0.44,
    0.44,
    0.44,
    0.44000011200016426,
    0.44,
    0.44000015703887496,
    0.4400000746667065,
    0.44,
    0.4400000081395377,
    0.4400000973913721,
    0.44,
    0.44000008573931637,
    0.44000006890900395,
    0.44,
    0.44000005090910943,
    0.44000002097378854,
    0.44,
    0.44000007753848064,
    0.44,
    0.44,
    0.44,
    0.44,
    0.44,
    0.44,
    0.44,
    0.44,
    0.44,
    0.44,
    0.44,
    0.44,
    0.44,
    0.44,
    0.44,
    0.44,
    0.44,
    0.44,
    0.44,
    0.44,
    0.44,
    0.44,
    0.44,
    0.44,
    0.44,
    0.44,
    0.44,
    0.44,
    0.44,
    0.44,
    0.44,
    0.44,
    0.44,
    0.44,
    0.44,
    0.44,
    0.44,
    0.44,
    0.44,
    0.44,
    0.44,
    0.44,
    0.44,
    0.44,
    0.44,
    0.44,
    0.44,
    0.44,
    0.44,
    0.44,
    0.44,
    0.44,
    0.44,
    0.44,
    0.44,
    0.44,
    0.44,
    0.44,
    0.44,
    0.44,
    0.44,
    0.44,
    0.44,
    0.44,
    0.44,
    0.44,
    0.44,
    0.44,
    0.44,
    0.44,
    0.44,
    0.44,
    0.44,
    0.44,
    0.44,
    0.44,
    0.44,
    0.44,
    0.44,
    0.44,
    0.44,
    0.44,
    0.44,
    0.44,
    0.44,
    0.44,
    0.44,
    0.44,
    0.44,
    0.44,
    0.44,
    0.44,
    0.44,
    0.44,
    0.44,
    0.44,
    0.44,
    0.44,
    0.44,
    0.44,
    0.44,
    0.44,
    0.44,
    0.44,
    0.44,
    0.44,
    0.44,
    0.44,
    0.44,
    0.44,
    0.44,
    0.44,
    0.44,
    0.44,
    0.44,
    0.44,
    0.44,
    0.44,
    0.44,
    0.44,
    0.44,
    0.44,
    0.44,
    0.44,
    0.44,
    0.44,
    0.44,
    0.44,
    0.44,
    0.44,
    0.44,
    0.44,
    0.44,
    0.44,
    0.44,
    0.44,
    0.44,
    0.44,
    0.44,
    0.44,
    0.44,
    0.44,
    0.44,
    0.44,
    0.44,
    0.44,
    0.44,
    0.44,
    0.44,
    0.44,
    0.44,
    0.44,
    0.44,
    0.44,
    0.44,
    0.44,
    0.44,
    0.44,
    0.44,
    0.44,
    0.44,
    0.44,
    0.44,
    0.44,
    0.44,
    0.44,
    0.44,
    0.44,
    0.44,
    0.44,
    0.44,
    0.44,
    0.44,
    0.44,
    0.44,
    0.44,
    0.44,
    0.44,
    0.44,
    0.44,
    0.44,
    0.44,
    0.44,
    0.44,
    0.44,
    0.44,
    0.44,
    0.44,
    0.44,
    0.44,
    0.44,
    0.44,
    0.44,
    0.44,
    0.44,
    0.44,
    0.44,
    0.44,
    0.44,
    0.44,
    0.44,
    0.44,
    0.44,
    0.44,
    0.44,
    0.44,
    0.44,
    0.44,
    0.44,
    0.44,
    0.44,
    0.44,
    0.44,
    0.44,
    0.44,
    0.44,
    0.44,
    0.44,
    0.44,
    0.44,
    0.44,
    0.44,
    0.44,
    0.44,
    0.44,
    0.44,
    0.44,
    0.44,
    0.44,
    0.44,
    0.44,
    0.44,
    0.44,
    0.44,
    0.44,
    0.44,
    0.44,
    0.44,
    0.44,
    0.44,
    0.44,
    0.44,
    0.44,
    0.44,
    0.44,
    0.44,
    0.44,
    0.44,
    0.44,
    0.44,
    0.44,
    0.44,
    0.44,
    0.44,
    0.44,
    0.44,
    0.44,
    0.44,
    0.44,
    0.44,
    0.44,
    0.44,
    0.44,
    0.44,
    0.44,
    0.44,
    0.44,
    0.44,
    0.44,
    0.44,
    0.44,
    0.44,
    0.44,
    0.44,
    0.44,
    0.44,
    0.44,
    0.44,
    0.44,
    0.44,
    0.44,
    0.44,
    0.44,
    0.44,
    0.44,
    0.44,
    0.44,
    0.44,
    0.44,
    0.44,
    0.44,
    0.44,
    0.44,
    0.44,
    0.44,
    0.44,
    0.44,
    0.44,
    0.44,
    0.44,
    0.44,
    0.44,
    0.44,
    0.44,
    0.44,
    0.44,
    0.44,
    0.44,
    0.44,
    0.44,
    0.44,
    0.44,
    0.44,
    0.44,
    0.44,
    0.44,
    0.44,
    0.44,
    0.44,
    0.44,
    0.44,
    0.44,
    0.44,
    0.44,
    0.44,
    0.44,
    0.44,
    0.44,
    0.44,
    0.44,
    0.44,
    0.44,
    0.44,
    0.44,
    0.44,
    0.44,
    0.44,
    0.44,
    0.44,
    0.44,
    0.44,
    0.44,
    0.44,
    0.44,
    0.44,
    0.44,
    0.44,
    0.44,
    0.44,
    0.44,
    0.44,
    0.44,
    0.44,
    0.44,
    0.44,
    0.44,
    0.44,
    0.44,
    0.44,
    0.44,
    0.44,
    0.44,
    0.44,
    0.44,
    0.44,
    0.44,
    0.44,
    0.44,
    0.44,
    0.44,
    0.44,
    0.44,
    0.44,
    0.44,
    0.44,
    0.44,
    0.44,
    0.44,
    0.44,
    0.44,
    0.44,
    0.44,
    0.44,
    0.44,
    0.44,
    0.44,
    0.44,
    0.44,
    0.44,
    0.44,
    0.44,
    0.44,
    0.44,
    0.44,
    0.44,
    0.44,
    0.44,
    0.44,
    0.44,
    0.44,
    0.44,
    0.44,
    0.44,
    0.44,
    0.44,
    0.44,
    0.44,
    0.44,
    0.44,
    0.44,
    0.44,
    0.44,
    0.44,
    0.44,
    0.44,
    0.44,
    0.44,
    0.44,
    0.44,
    0.44,
    0.44,
    0.44,
    0.44,
    0.44,
    0.44,
    0.44,
    0.44,
    0.44,
    0.44,
    0.44,
    0.44,
    0.44,
    0.44,
    0.44,
    0.44,
    0.44,
    0.44,
    0.44,
    0.44,
    0.44,
    0.44,
    0.44,
    0.44,
    0.44,
    0.44,
    0.44,
    0.44,
    0.44,
    0.44,
    0.44,
    0.44,
    0.44,
    0.44,
    0.44,
    0.44,
    0.44,
    0.44,
    0.44,
    0.44,
    0.44,
    0.44,
    0.44,
    0.44,
    0.44,
    0.44,
    0.44,
    0.44,
    0.44,
    0.44,
    0.44,
    0.44,
    0.44,
    0.44,
    0.44,
    0.44,
    0.44,
    0.44,
    0.44,
    0.44,
    0.44,
    0.44,
    0.44,
    0.44,
    0.44,
    0.44,
    0.44,
    0.44,
    0.44,
    0.44,
    0.44,
    0.44,
    0.44,
    0.44,
    0.44,
    0.44,
    0.44,
    0.44,
    0.44,
    0.44,
    0.44,
    0.44,
    0.44,
    0.44,
    0.44,
    0.44,
    0.44,
    0.44,
    0.44,
    0.44,
    0.44,
    0.44,
    0.44,
    0.44,
    0.44,
    0.44,
    0.44,
    0.44,
    0.44,
    0.44,
    0.44,
    0.44,
    0.44,
    0.44,
    0.44,
    0.44,
    0.44,
    0.44,
    0.44,
    0.44,
    0.44,
    0.44,
    0.44,
    0.44,
    0.44,
    0.44,
    0.44,
    0.44,
    0.44,
    0.44,
    0.44,
    0.44,
    0.44,
    0.44,
    0.44,
    0.44,
    0.44,
    0.44,
    0.44,
    0.44,
    0.44,
    0.44,
    0.44,
    0.44,
    0.44,
    0.44,
    0.44,
    0.44,
    0.44,
    0.44,
    0.44,
    0.44,
    0.44,
    0.44,
    0.44,
    0.44,
    0.44,
    0.44,
    0.44,
    0.44,
    0.44,
    0.44,
    0.44,
    0.44,
    0.44,
    0.44,
    0.44,
    0.44,
    0.44,
    0.44,
    0.44,
    0.44,
    0.44,
    0.44,
    0.44,
    0.44,
    0.44,
    0.44,
    0.44,
    0.44,
    0.44,
    0.44,
    0.44,
    0.44,
    0.44,
    0.44,
    0.44,
    0.44,
    0.44,
    0.44,
    0.44,
    0.44,
    0.44,
    0.44,
    0.44,
    0.44,
    0.44,
    0.44,
    0.44,
    0.44,
    0.44,
    0.44,
    0.44,
    0.44,
    0.44,
    0.44,
    0.44,
    0.44,
    0.44,
    0.44,
    0.44,
    0.44,
    0.44,
    0.44,
    0.44,
    0.44,
    0.44,
    0.44,
    0.44,
    0.44,
    0.44,
    0.44,
    0.44,
    0.44,
    0.44,
    0.44,
    0.44,
    0.44,
    0.44,
    0.44,
    0.44,
    0.44,
    0.44,
    0.44,
    0.44,
    0.44,
    0.44,
    0.44,
    0.44,
    0.44,
    0.44,
    0.44,
    0.44,
    0.44,
    0.44,
    0.44,
    0.44,
    0.44,
    0.44,
    0.44,
    0.44,
    0.44,
    0.44,
    0.44,
    0.44,
    0.44,
    0.44,
    0.44,
    0.44,
    0.44,
    0.44,
    0.44,
    0.44,
    0.44,
    0.44,
    0.44,
    0.44,
    0.44,
    0.44,
    0.44,
    0.44,
    0.44,
    0.44,
    0.44,
    0.44,
    0.44,
    0.44,
    0.44,
    0.44,
    0.44,
    0.44,
    0.44,
    0.44,
    0.44,
    0.44,
    0.44,
    0.44,
    0.44,
    0.44,
    0.44,
    0.44,
    0.44,
    0.44,
    0.44,
    0.44,
    0.44,
    0.44,
    0.44,
    0.44,
    0.44,
    0.44,
    0.44,
    0.44,
    0.44,
    0.44,
    0.44,
    0.44,
    0.44,
    0.44,
    0.44,
    0.44,
    0.44,
    0.44,
    0.44,
    0.44,
    0.44,
    0.44,
    0.44,
    0.44,
    0.44,
    0.44,
    0.44,
    0.44,
    0.44,
    0.44,
    0.44,
    0.44,
    0.44,
    0.44,
    0.44,
    0.44,
    0.44,
    0.44,
    0.44,
    0.44,
    0.44,
    0.44,
    0.44,
    0.44,
    0.44,
    0.44,
    0.44,
    0.44,
    0.44,
    0.44,
    0.44,
    0.44,
    0.44,
    0.44,
    0.44,
    0.44,
    0.44,
    0.44,
    0.44,
    0.44,
    0.44,
    0.44,
    0.44,
    0.44,
    0.44,
    0.44,
    0.44,
    0.44,
    0.44,
    0.44,
    0.44,
    0.44,
    0.44,
    0.44,
    0.44,
    0.44,
    0.44,
    0.44,
    0.44,
    0.44,
    0.44,
    0.44,
    0.44,
    0.44,
    0.44,
    0.44,
    0.44,
    0.44,
    0.44,
    0.44,
    0.44,
    0.44,
    0.44,
    0.44,
    0.44,
    0.44,
    0.44,
    0.44,
    0.44,
    0.44,
    0.44,
    0.44,
    0.44,
    0.44,
    0.44,
    0.44,
    0.44,
    0.44,
    0.44,
    0.44,
    0.44,
    0.44,
    0.44,
    0.44,
    0.44,
    0.44,
    0.44,
    0.44,
    0.44,
    0.44,
    0.44,
    0.44,
    0.44,
    0.44,
    0.44,
    0.44,
    0.44,
    0.44,
    0.44,
    0.44,
    0.44,
    0.44,
    0.44,
    0.44,
    0.44,
    0.44,
    0.44,
    0.44,
    0.44,
    0.44,
    0.44,
    0.44,
    0.44,
    0.44,
    0.44,
    0.44,
    0.44,
    0.44,
    0.44,
    0.44,
    0.44,
    0.44,
    0.44,
    0.44,
    0.44,
    0.44,
    0.44,
    0.44,
    0.44,
    0.44,
    0.44,
    0.44,
    0.44,
    0.44,
    0.44,
    0.44,
    0.44,
    0.44,
    0.44,
    0.44,
    0.44,
    0.44,
    0.44,
    0.44,
    0.44,
    0.44,
    0.44,
    0.44,
    0.44,
    0.44,
    0.44,
    0.44,
    0.44,
    0.44,
    0.44,
    0.44,
    0.44,
    0.44,
    0.44,
    0.44,
    0.44,
    0.44,
    0.44,
    0.44,
    0.44,
    0.44,
    0.44,
    0.44,
    0.44,
    0.44,
    0.44,
    0.44,
    0.44,
    0.44,
    0.44,
    0.44,
    0.44,
    0.44,
    0.44,
    0.44,
    0.44,
    0.44,
    0.44,
    0.44,
    0.44,
    0.44,
    0.44,
    0.44,
    0.44,
    0.44,
    0.44,
    0.44,
    0.44,
    0.44,
    0.44,
    0.44,
    0.44,
    0.44,
    0.44,
    0.44,
    0.44,
    0.44,
    0.44,
    0.44,
    0.44,
    0.44,
    0.44,
    0.44,
    0.44,
    0.44,
    0.44,
    0.44,
    0.44,
    0.44,
    0.44,
    0.44,
    0.44,
    0.44,
    0.44,
    0.44,
    0.44,
    0.44,
    0.44,
    0.44,
    0.44,
    0.44,
    0.44,
    0.44,
    0.44,
    0.44,
    0.44,
    0.44,
    0.44,
    0.44,
    0.44,
    0.44,
    0.44,
    0.44,
    0.44,
    0.44,
    0.44,
    0.44,
    0.44,
    0.44,
    0.44,
    0.44,
    0.44,
    0.44,
    0.44,
    0.44,
    0.44,
    0.44,
    0.44,
    0.44,
    0.44,
    0.44,
    0.44,
    0.44,
    0.44,
    0.44,
    0.44,
    0.44,
    0.44,
    0.44,
    0.44,
    0.44,
    0.44,
    0.44,
    0.44,
    0.44,
    0.44,
    0.44,
    0.44,
    0.44,
    0.44,
    0.44,
    0.44,
    0.44,
    0.44,
    0.44,
    0.44,
    0.44,
    0.44,
    0.44,
    0.44,
    0.44,
    0.44,
    0.44,
    0.44,
    0.44,
    0.44,
    0.44,
    0.44,
    0.44,
    0.44,
    0.44,
    0.44,
    0.44,
    0.44,
    0.44,
    0.44,
    0.44,
    0.44,
    0.44,
    0.44,
    0.44,
    0.44,
    0.44,
    0.44,
    0.44,
    0.44,
    0.44,
    0.44,
    0.44,
    0.44,
    0.44,
    0.44,
    0.44,
    0.44,
    0.44,
    0.44,
    0.44,
    0.44,
    0.44,
    0.44,
    0.44,
    0.44,
    0.44,
    0.44,
    0.44,
    0.44,
    0.44,
    0.44,
    0.44,
    0.44,
    0.44,
    0.44,
    0.44,
    0.44,
    0.44,
    0.44,
    0.44,
    0.44,
    0.44,
    0.44,
    0.44,
    0.44,
    0.44,
    0.44,
    0.44,
    0.44,
    0.44,
    0.44,
    0.44,
    0.44,
    0.44,
    0.44,
    0.44,
    0.44,
    0.44,
    0.44,
    0.44,
    0.44,
    0.44,
    0.44,
    0.44,
    0.44,
    0.44,
    0.44,
    0.44,
    0.44,
    0.44,
    0.44,
    0.44,
    0.44,
    0.44,
    0.44,
    0.44,
    0.44,
    0.44,
    0.44,
    0.44,
    0.44,
    0.44,
    0.44,
    0.44,
    0.44,
    0.44,
    0.44,
    0.44,
    0.44,
    0.44,
    0.44,
    0.44,
    0.44,
    0.44,
    0.44,
    0.44,
    0.44,
    0.44,
    0.44,
    0.44,
    0.44,
    0.44,
    0.44,
    0.44,
    0.44,
    0.44,
    0.44,
    0.44,
    0.44,
    0.44,
    0.44,
    0.44,
    0.44,
    0.44,
    0.44,
    0.44,
    0.44,
    0.44,
    0.44,
    0.44,
    0.44,
    0.44,
    0.44,
    0.44,
    0.44,
    0.44,
    0.44,
    0.44,
    0.44,
    0.44,
    0.44,
    0.44,
    0.44,
    0.44,
    0.44,
    0.44,
    0.44,
    0.44,
    0.44,
    0.44,
    0.44,
    0.44,
    0.44,
    0.44,
    0.44,
    0.44,
    0.44,
    0.44,
    0.44,
    0.44,
    0.44,
    0.44,
    0.44,
    0.44,
    0.44,
    0.44,
    0.44,
    0.44,
    0.44,
    0.44,
    0.44,
    0.44,
    0.44,
    0.44,
    0.44,
    0.44,
    0.44,
    0.44,
    0.44,
    0.44,
    0.44,
    0.44,
    0.44,
    0.44,
    0.44,
    0.44,
    0.44,
    0.44,
    0.44,
    0.44,
    0.44,
    0.44,
    0.44,
    0.44,
    0.44,
    0.44,
    0.44,
    0.44,
    0.44,
    0.44,
    0.44,
    0.44,
    0.44,
    0.44,
    0.44,
    0.44,
    0.44,
    0.44,
    0.44,
    0.44,
    0.44,
    0.44,
    0.44,
    0.44,
    0.44,
    0.44,
    0.44,
    0.44,
    0.44,
    0.44,
    0.44,
    0.44,
    0.44,
    0.44,
    0.44,
    0.44,
    0.44,
    0.44,
    0.44,
    0.44,
    0.44,
    0.44,
    0.44,
    0.44,
    0.44,
    0.44,
    0.44,
    0.44,
    0.44,
    0.44,
    0.44,
    0.44,
    0.44,
    0.44,
    0.44,
    0.44,
    0.44,
    0.44,
    0.44,
    0.44,
    0.44,
    0.44,
    0.44,
    0.44,
    0.44,
    0.44,
    0.44,
    0.44,
    0.44,
    0.44,
    0.44,
    0.44,
    0.44,
    0.44,
    0.44,
    0.44,
    0.44,
    0.44,
    0.44,
    0.44,
    0.44,
    0.44,
    0.44,
    0.44,
    0.44,
    0.44,
    0.44,
    0.44,
    0.44,
    0.44,
    0.44,
    0.44,
    0.44,
    0.44,
    0.44,
    0.44,
    0.44,
    0.44,
    0.44,
    0.44,
    0.44,
    0.44,
    0.44,
    0.44,
    0.44,
    0.44,
    0.44,
    0.44,
    0.44,
    0.44,
    0.44,
    0.44,
    0.44,
    0.44,
    0.44,
    0.44,
    0.44,
    0.44,
    0.44,
    0.44,
    0.44,
    0.44,
    0.44,
    0.44,
    0.44,
    0.44,
    0.44,
    0.44,
    0.44,
    0.44,
    0.44,
    0.44,
    0.44,
    0.44,
    0.44,
    0.44,
    0.44,
    0.44,
    0.44,
    0.44,
    0.44,
    0.44,
    0.44,
    0.44,
    0.44,
    0.44,
    0.44,
    0.44,
    0.44,
    0.44,
    0.44,
    0.44,
    0.44,
    0.44,
    0.44,
    0.44,
    0.44,
    0.44,
    0.44,
    0.44,
    0.44,
    0.44,
    0.44,
    0.44,
    0.44,
    0.44,
    0.44,
    0.44,
    0.44,
    0.44,
    0.44,
    0.44,
    0.44,
    0.44,
    0.44,
    0.44,
    0.44,
    0.4400000922353332,
    0.4400001568001129,
    0.44,
    0.44,
    0.44,
    0.4400001797433265,
    0.449999945689643,
    0.4499999212499744,
    0.44000006054056673,
    0.44999992767855723,
    0.44999996931817,
    0.44999997822580046,
    0.44999992499998126,
    0.4499999156249631,
    0.4499999459999849,
    0.4499999021738918,
    0.44999992499998126,
    0.4499999021738918,
    0.44999997822580046,
    0.44999997822580046,
    0.449999945689643,
    0.44999996249999064,
    0.4499999612810667,
    0.4499999212499744,
    0.44999992767855723,
    0.4499999470587986,
    0.45,
    0.44999996538460474,
    0.44999996538460474,
    0.449999945689643,
    0.4400776590519497,
    0.44999994527026216,
    0.4499999021738918,
    0.449999945689643,
    0.44007763464966654,
    0.4499999021738918,
    0.45,
    0.44999994545453553,
    0.45,
    0.4499999212499744,
    0.44999989342102176,
    0.44999997822580046,
    0.44999992499998126,
    0.44999996249999064,
    0.4499999742857084,
    0.44999996601208203,
    0.4400776590045385,
    0.45,
    0.44999992499998126,
    0.44999996249999064,
    0.44999992968748903,
    0.4499999464285523,
    0.4499999021738918,
    0.4499999062499414,
    0.4499999711538406,
    0.44999996538460474,
    0.449999957142851,
    0.44999997822580046,
    0.4499997974998886,
    0.45,
    0.4499999021738918,
    0.449999945689643,
    0.44999989342102176,
    0.4499999062499414,
    0.449999879999952,
    0.44999994545453553,
    0.45,
    0.4499999797499989,
    0.4499999585526245,
    0.44999996538460474,
    0.44999992499998126,
    0.44999997822580046,
    0.4499999470587986,
    0.44999996931817,
    0.449999945689643,
    0.44999994807688914,
    0.4499999742857084,
    0.4499999062499414,
    0.44999996931817,
    0.449999879999952,
    0.4499998392856569,
    0.4499999602941095,
    0.44999994807688914,
    0.4499999602941095,
    0.4499999742857084,
    0.44999992767855723,
    0.4499999212499744,
    0.44999997822580046,
    0.44999996931817,
    0.4499999585526245,
    0.4499998392856569,
    0.44999996931817,
    0.4499999464285523,
    0.44999994807688914,
    0.45,
    0.449999879999952,
    0.4499999464285523,
    0.4499999742857084,
    0.42,
    0.4599999233333142,
    0.46,
    0.46,
    0.4599999211428331,
    0.4599999712499928,
    0.45999995399998367,
    0.4599999211428331,
    0.4599999787692236,
    0.45999994954837636,
    0.4599999485882259,
    0.4599999233333142,
    0.45999996845713603,
    0.45999992639998727,
    0.45685906596267195,
    0.4499999711538406,
    0.4499997974998886,
    0.45,
    0.4499999212499744,
    0.4499999464285523,
    0.44999996931817,
    0.4300984898815756,
    0.44999992767855723,
    0.4499999459999849,
    0.44999997822580046,
    0.4499999464285523,
    0.4499999585526245,
    0.4499999464285523,
    0.44999992499998126,
    0.45,
    0.44999996249999064,
    0.4499999831249964,
    0.42000086017277183,
    0.44,
    0.4499999459999849,
    0.44999996249999064,
    0.44999989342102176,
    0.4499998392856569,
    0.4499999212499744,
    0.4499997974998886,
    0.44999985681809723,
    0.4499999459999849,
    0.44999997822580046,
    0.44999994545453553,
    0.45,
    0.45,
    0.44999994807688914,
    0.44999992767855723,
    0.44999992968748903,
    0.4499999459999849,
    0.44999996931817,
    0.44909559601741894,
    0.4399317747033596,
    0.4399316985730609,
    0.43,
    0.43993179824885525,
    0.4399317981908279,
    0.43,
    0.43000002533333925,
    0.43000000495652385,
    0.43000003069231785,
    0.430000060081091,
    0.43000000610714495,
    0.43000009405007855,
    0.4499999470587986,
    0.4499999212499744,
    0.4499999062499414,
    0.449999945689643,
    0.43999995306664036,
    0.44999996249999064,
    0.44999996931817,
    0.44784218036781426,
    0.44999994545453553,
    0.45,
    0.43,
    0.4300000031666684,
    0.43000000495652385,
    0.4300000352857289,
    0.44999996931817,
    0.430000054285722,
    0.44999996931817,
    0.4300001244961497,
    0.44999996538460474,
    0.43000004092308447,
    0.44999994545453553,
    0.449999879999952,
    0.44999996249999064,
    0.4499999464285523,
    0.44999997822580046,
    0.4499997974998886,
    0.4499999156249631,
    0.44999992499998126,
    0.449999945689643,
    0.4499997974998886,
    0.44999996538460474,
    0.44,
    0.43999991199994426,
    0.4399999543703582,
    0.43999995408694137,
    0.4399999078094992,
    0.43999995368419104,
    0.43999998097296866,
    0.4399998491428011,
    0.4399999155199824,
    0.43999995408694137,
    0.43999997066665886,
    0.43999999207999974,
    0.43999998097296866,
    0.4399999543703582,
    0.43999995408694137,
    0.43999995408694137,
    0.4399999211034352,
    0.4399999394999894,
    0.43999995474284886,
    0.4399999394999894,
    0.44,
    0.43999995368419104,
    0.4399999693532283,
    0.43000003778410273,
    0.4399999295999761,
    0.43999995474284886,
    0.43999995408694137,
    0.44,
    0.4399999295999761,
    0.4399998964705517,
    0.4399999339999824,
    0.44,
    0.43999995368419104,
    0.4399999339999824,
    0.43999996894116955,
    0.4399999371428437,
    0.4399999729230682,
    0.4399999394999894,
    0.4399999729230682,
    0.43999995408694137,
    0.4399999229999654,
    0.43999995487178795,
    0.44,
    0.43999987815378616,
    0.43999999207999974,
    0.43999999207999974,
    0.44,
    0.43999999207999974,
    0.4399999847466662,
    0.4299087095005445,
    0.4299087091594566,
    0.42999992540813814,
    0.4399999873563204,
    0.43999999207999974,
    0.42,
    0.4200000651020667,
    0.43002339631159536,
    0.4299999701925528,
    0.4200000067995318,
    0.4299999657954524,
    0.4200000192931427,
    0.42,
    0.42,
    0.4499999524312846,
    0.42,
    0.429999998538,
    0.420000035913316,
    0.4298434231981831,
    0.4298434227000417,
    0.42984342367126843,
    0.44000000406533646,
    0.4499999597315382,
    0.44,
    0.44,
    0.44000014000014,
    0.4400001225000689,
    0.4400001680000896,
    0.4499997974998886,
    0.44,
    0.43001438857092616,
    0.42000105583613423,
    0.43013776993850406,
    0.43013777181449525,
    0.43994254937163374,
    0.41,
    0.43189362378602864,
    0.3987197335367032,
    0.3899998478999072,
    0.3800000136400011,
    0.3899998941428103,
    0.3800000136400011,
    0.3800000992001164,
    0.4000682845008493,
    0.40993009548690185,
    0.4099300936518265,
    0.4099300938500896,
    0.39000014030010804,
    0.39,
    0.38,
    0.40994922208370627,
    0.36,
    0.40003512155876186,
    0.36,
    0.37,
    0.44999999212499975,
    0.36,
    0.36,
    0.36,
    0.38997517860145536,
    0.3899751783327587,
    0.39000923989716435,
    0.39000922267035576,
    0.3900092102003876,
    0.4,
    0.4,
    0.4,
    0.37,
    0.4,
    0.36005645435974887,
    0.3800968091349132,
    0.3800968534570457,
    0.3800968103965996,
    0.37,
    0.36004155362708073,
    0.40992764813678034,
    0.4199999453999798,
    0.26000003083336415,
    0.2600000260793,
    0.48,
    0.48,
    0.2,
    0.49,
    0.49,
    0.2,
    0.18000000630769372,
    0.18000000447272765,
    0.18000000702857338,
    0.49,
    0.34,
    0.18000001749333996,
    0.49,
    0.49,
    0.49,
    0.49,
    0.49,
    0.49,
    0.49,
    0.49,
    0.49,
    0.49,
    0.5,
    0.5,
    0.13,
    0.13000000980281956,
    0.58,
    0.58,
    0.58,
    0.58,
    0.58,
    0.58,
    0.36,
    0.58,
    0.36,
    0.36,
    0.36,
    0.36,
    0.36,
    0.36,
    0.36,
    0.36,
    0.36,
    0.58,
    0.36,
    0.36,
    0.36,
    0.36,
    0.36
]
